"Hash","RelativePath","FullPath","SizeBytes"
"1038925E5DE5C71AF18E43E541378093C39DB6921A1A18A84F3185DDC0732738","out\atomic_clips\2025-09-20__TSC_vs_Greenwood\003__2025-09-20__TSC_vs_Greenwood__BUILD_UP_PLAY_SHOT__t25260.00-t26460.00.mp4","C:\Users\scott\soccer-video\out\atomic_clips\2025-09-20__TSC_vs_Greenwood\003__2025-09-20__TSC_vs_Greenwood__BUILD_UP_PLAY_SHOT__t25260.00-t26460.00.mp4","34780476"
"E175A3F61A09A0C210A245AE082D796973DC856AA089C7F58B2D5D5FB7571ADD","out\atomic_clips\2025-09-20__TSC_vs_Greenwood\004__2025-09-20__TSC_vs_Greenwood__PRESSURE_TWO_SHOTS__t26640.00-t27360.00.mp4","C:\Users\scott\soccer-video\out\atomic_clips\2025-09-20__TSC_vs_Greenwood\004__2025-09-20__TSC_vs_Greenwood__PRESSURE_TWO_SHOTS__t26640.00-t27360.00.mp4","22934519"
"185925319A3E971129E25D2149E8F7F5512BE86003A1EB9D985F84D9DC0590A8","out\atomic_clips\2025-09-20__TSC_vs_Greenwood\005__2025-09-20__TSC_vs_Greenwood__WIN_FREE_KICK__t32280.00-t33180.00.mp4","C:\Users\scott\soccer-video\out\atomic_clips\2025-09-20__TSC_vs_Greenwood\005__2025-09-20__TSC_vs_Greenwood__WIN_FREE_KICK__t32280.00-t33180.00.mp4","23051882"
"0E51501AE97C44D3382D8710F8F770E730D70F2759503F64F35ABAA68DB047C5","out\atomic_clips\2025-09-20__TSC_vs_Greenwood\006__2025-09-20__TSC_vs_Greenwood__BUILD_UP_PLAY_SHOT__t41100.00-t42480.00.mp4","C:\Users\scott\soccer-video\out\atomic_clips\2025-09-20__TSC_vs_Greenwood\006__2025-09-20__TSC_vs_Greenwood__BUILD_UP_PLAY_SHOT__t41100.00-t42480.00.mp4","34500795"
"C7A7E53324EA7A662C86F475754E0750411C46AFA111BE92DA2194B8A47A4CD4","out\atomic_clips\2025-09-20__TSC_vs_Greenwood\007__2025-09-20__TSC_vs_Greenwood__DRIBBLING_SHOT__t44340.00-t45120.00.mp4","C:\Users\scott\soccer-video\out\atomic_clips\2025-09-20__TSC_vs_Greenwood\007__2025-09-20__TSC_vs_Greenwood__DRIBBLING_SHOT__t44340.00-t45120.00.mp4","23485482"
"69A6EA03CA82656B34515A4887636534CDE0A261744E77F41EB9F0A6473FC22F","out\atomic_clips\2025-09-20__TSC_vs_Greenwood\008__2025-09-20__TSC_vs_Greenwood__PRESSURE_SHOT__t45240.00-t46980.00.mp4","C:\Users\scott\soccer-video\out\atomic_clips\2025-09-20__TSC_vs_Greenwood\008__2025-09-20__TSC_vs_Greenwood__PRESSURE_SHOT__t45240.00-t46980.00.mp4","52505866"
"987D6A823FD5E08196A811838D231FBBAA0FB52C3E961B81194DC31879C9382B","out\atomic_clips\2025-09-20__TSC_vs_Greenwood\009__2025-09-20__TSC_vs_Greenwood__PRESSURE_SHOT__t48120.00-t49080.00.mp4","C:\Users\scott\soccer-video\out\atomic_clips\2025-09-20__TSC_vs_Greenwood\009__2025-09-20__TSC_vs_Greenwood__PRESSURE_SHOT__t48120.00-t49080.00.mp4","26297732"
"6B6BBDA6DB1973C9079494C55B1466B7573C150EB269A0BA7B38B64879501F7A","out\atomic_clips\2025-09-20__TSC_vs_Greenwood\010__2025-09-20__TSC_vs_Greenwood__DEFENSE_BUILD_UP__t49260.00-t50880.00.mp4","C:\Users\scott\soccer-video\out\atomic_clips\2025-09-20__TSC_vs_Greenwood\010__2025-09-20__TSC_vs_Greenwood__DEFENSE_BUILD_UP__t49260.00-t50880.00.mp4","46438681"
"6CE4AB514C5E56F1712B5F5320867D831DF1EA26063101836B408E57B84FD39C","out\atomic_clips\2025-09-20__TSC_vs_Greenwood\011__2025-09-20__TSC_vs_Greenwood__GOAL__t54120.00-t54780.00.mp4","C:\Users\scott\soccer-video\out\atomic_clips\2025-09-20__TSC_vs_Greenwood\011__2025-09-20__TSC_vs_Greenwood__GOAL__t54120.00-t54780.00.mp4","20234155"
"D4BF478CFCEFB5007A2965342EE8701831A447796B2461F78AF92236E87C44E0","out\atomic_clips\2025-09-20__TSC_vs_Greenwood\012__2025-09-20__TSC_vs_Greenwood__BUILD_SHOT__t58380.00-t59220.00.mp4","C:\Users\scott\soccer-video\out\atomic_clips\2025-09-20__TSC_vs_Greenwood\012__2025-09-20__TSC_vs_Greenwood__BUILD_SHOT__t58380.00-t59220.00.mp4","22470661"
"3F10C963D7C28FE58AD411D88306C04341046BA67C65EF37868FAF1753AC371A","out\atomic_clips\2025-09-20__TSC_vs_Greenwood\013__2025-09-20__TSC_vs_Greenwood__PRESSURE_SHOT__t59280.00-t60060.00.mp4","C:\Users\scott\soccer-video\out\atomic_clips\2025-09-20__TSC_vs_Greenwood\013__2025-09-20__TSC_vs_Greenwood__PRESSURE_SHOT__t59280.00-t60060.00.mp4","22967378"
"E61813C5183417C71F80B8558101DBE2D5ED0435C9D2F4E2F207337955034BE2","out\atomic_clips\2025-09-20__TSC_vs_Greenwood\014__2025-09-20__TSC_vs_Greenwood__PRESSURE_SHOT__t63780.00-t64380.00.mp4","C:\Users\scott\soccer-video\out\atomic_clips\2025-09-20__TSC_vs_Greenwood\014__2025-09-20__TSC_vs_Greenwood__PRESSURE_SHOT__t63780.00-t64380.00.mp4","16538173"
"3D6F06BC857F3BF84C6C8BFED39A102D4151DEBF66E481237BE4289FA9370FB1","out\atomic_clips\2025-09-20__TSC_vs_Greenwood\015__2025-09-20__TSC_vs_Greenwood__SHOT__t64860.00-t65280.00.mp4","C:\Users\scott\soccer-video\out\atomic_clips\2025-09-20__TSC_vs_Greenwood\015__2025-09-20__TSC_vs_Greenwood__SHOT__t64860.00-t65280.00.mp4","11250602"
"DC038E98F4CD90F28DDC2B9B72FC82A0AD6407407666C299F171C9705D2E22A0","out\atomic_clips\2025-09-20__TSC_vs_Greenwood\016__2025-09-20__TSC_vs_Greenwood__BUILD_UP_PLAY_SHOT__t71700.00-t72540.00.mp4","C:\Users\scott\soccer-video\out\atomic_clips\2025-09-20__TSC_vs_Greenwood\016__2025-09-20__TSC_vs_Greenwood__BUILD_UP_PLAY_SHOT__t71700.00-t72540.00.mp4","24053850"
"8D8847AF61C6E139CA51C10220A3FA6DA35DA5E7A8E7D5005AE5A29ECB743DFB","out\atomic_clips\2025-09-20__TSC_vs_Greenwood\017__2025-09-20__TSC_vs_Greenwood__PRESSURE_SHOT__t72720.00-t73440.00.mp4","C:\Users\scott\soccer-video\out\atomic_clips\2025-09-20__TSC_vs_Greenwood\017__2025-09-20__TSC_vs_Greenwood__PRESSURE_SHOT__t72720.00-t73440.00.mp4","21381629"
"43AA5467CCCF5AA692312DA63C16D63C8E8302677E7D52FBD19812F4528AC314","out\atomic_clips\2025-09-20__TSC_vs_Greenwood\018__2025-09-20__TSC_vs_Greenwood__BUILD_UP_PLAY_GOAL__t77520.00-t79740.00.mp4","C:\Users\scott\soccer-video\out\atomic_clips\2025-09-20__TSC_vs_Greenwood\018__2025-09-20__TSC_vs_Greenwood__BUILD_UP_PLAY_GOAL__t77520.00-t79740.00.mp4","61907669"
"F4F7690444F7807D60AE0F36F9B5FEF50B05E6C0645CB29DF47B4E575CD15D5C","out\atomic_clips\2025-09-20__TSC_vs_Greenwood\019__2025-09-20__TSC_vs_Greenwood__PRESSURE_SHOT__t82140.00-t82980.00.mp4","C:\Users\scott\soccer-video\out\atomic_clips\2025-09-20__TSC_vs_Greenwood\019__2025-09-20__TSC_vs_Greenwood__PRESSURE_SHOT__t82140.00-t82980.00.mp4","24648514"
"E33F4CAD877F25BFF8A9297A36920851B4E19D040D0B970EBDF2ADB692593B26","out\atomic_clips\2025-09-20__TSC_vs_Greenwood\020__2025-09-20__TSC_vs_Greenwood__PRESSURE_SHOT__t83580.00-t84540.00.mp4","C:\Users\scott\soccer-video\out\atomic_clips\2025-09-20__TSC_vs_Greenwood\020__2025-09-20__TSC_vs_Greenwood__PRESSURE_SHOT__t83580.00-t84540.00.mp4","26289255"
"3A4E6EF8B54EE0DED61103C66016051F979C87A664E59324F7EB89DF5FD8AD57","out\atomic_clips\2025-09-20__TSC_vs_Greenwood\038__2025-09-20__TSC_vs_Greenwood__PRESSURE_SHOT__t4010400.00-t4086000.00.mp4","C:\Users\scott\soccer-video\out\atomic_clips\2025-09-20__TSC_vs_Greenwood\038__2025-09-20__TSC_vs_Greenwood__PRESSURE_SHOT__t4010400.00-t4086000.00.mp4","644889"
"FD8F77F359F9625AE0AED7D6A443541E6277A8553160FBEBEB01773A80B3A51A","out\atomic_clips\2025-09-20__TSC_vs_RVFC\006__2025-09-20__TSC_vs_RVFC__SHOT__t31020.00-t31680.00.mp4","C:\Users\scott\soccer-video\out\atomic_clips\2025-09-20__TSC_vs_RVFC\006__2025-09-20__TSC_vs_RVFC__SHOT__t31020.00-t31680.00.mp4","19100240"
"A237CA4CEC3B664F95CB32A728498FA285C9B5CFC70F7803FE34B8DD32021BAF","out\atomic_clips\2025-09-20__TSC_vs_RVFC\007__2025-09-20__TSC_vs_RVFC__PRESSURE_GOAL__t31740.00-t32820.00.mp4","C:\Users\scott\soccer-video\out\atomic_clips\2025-09-20__TSC_vs_RVFC\007__2025-09-20__TSC_vs_RVFC__PRESSURE_GOAL__t31740.00-t32820.00.mp4","26707547"
"3B41F66773376B3DD532B2DC769CD306E5AF1A88C2B251542EAD87B3014FBDA4","out\atomic_clips\2025-09-20__TSC_vs_RVFC\008__2025-09-20__TSC_vs_RVFC__BUILD_UP_PLAY_SHOT__t33900.00-t36000.00.mp4","C:\Users\scott\soccer-video\out\atomic_clips\2025-09-20__TSC_vs_RVFC\008__2025-09-20__TSC_vs_RVFC__BUILD_UP_PLAY_SHOT__t33900.00-t36000.00.mp4","57578989"
"1A498BE9377DC6632D1A920C33641EE6169C2B4BD7BB2D6FED6F597443AEF4BB","out\atomic_clips\2025-09-20__TSC_vs_RVFC\009__2025-09-20__TSC_vs_RVFC__PRESSURE_SHOT__t36240.00-t37200.00.mp4","C:\Users\scott\soccer-video\out\atomic_clips\2025-09-20__TSC_vs_RVFC\009__2025-09-20__TSC_vs_RVFC__PRESSURE_SHOT__t36240.00-t37200.00.mp4","29053450"
"5144EF3C8D244A3719B9BB38766B8B5CBD6D168A985823A03D379A7713E3A592","out\atomic_clips\2025-09-20__TSC_vs_RVFC\010__2025-09-20__TSC_vs_RVFC__PRESSURE_SHOT__t40500.00-t41340.00.mp4","C:\Users\scott\soccer-video\out\atomic_clips\2025-09-20__TSC_vs_RVFC\010__2025-09-20__TSC_vs_RVFC__PRESSURE_SHOT__t40500.00-t41340.00.mp4","22561871"
"B7F6A891800D01D268F3F1A93EDD9F4751E2AAC8A12DD163AF863292472A8430","out\atomic_clips\2025-09-20__TSC_vs_RVFC\011__2025-09-20__TSC_vs_RVFC__PRESSURE_SHOT__t41340.00-t42120.00.mp4","C:\Users\scott\soccer-video\out\atomic_clips\2025-09-20__TSC_vs_RVFC\011__2025-09-20__TSC_vs_RVFC__PRESSURE_SHOT__t41340.00-t42120.00.mp4","22453184"
"1010B0D5BD3FD28E08145E0DD9039EA1C4C32B268ECEA3BFE3064DA43E29E994","out\atomic_clips\2025-09-20__TSC_vs_RVFC\012__2025-09-20__TSC_vs_RVFC__BUILD_UP_PLAY_SHOT__t44760.00-t45420.00.mp4","C:\Users\scott\soccer-video\out\atomic_clips\2025-09-20__TSC_vs_RVFC\012__2025-09-20__TSC_vs_RVFC__BUILD_UP_PLAY_SHOT__t44760.00-t45420.00.mp4","20627529"
"A1EF7EA1814A59E8EF8992DD39745266825369EE898326F15424328A6101A092","out\atomic_clips\2025-09-20__TSC_vs_RVFC\013__2025-09-20__TSC_vs_RVFC__BUILD_UP_PLAY_SHOT__t49260.00-t51900.00.mp4","C:\Users\scott\soccer-video\out\atomic_clips\2025-09-20__TSC_vs_RVFC\013__2025-09-20__TSC_vs_RVFC__BUILD_UP_PLAY_SHOT__t49260.00-t51900.00.mp4","76926071"
"D634E2039C1DB4E60CBE0E78CAF1B813796B5B9EB5322352227DAE313459E0FE","out\atomic_clips\2025-09-20__TSC_vs_RVFC\014__2025-09-20__TSC_vs_RVFC__DEFENSE_BUILD_UP__t52800.00-t53820.00.mp4","C:\Users\scott\soccer-video\out\atomic_clips\2025-09-20__TSC_vs_RVFC\014__2025-09-20__TSC_vs_RVFC__DEFENSE_BUILD_UP__t52800.00-t53820.00.mp4","27013008"
"483AB4424BD4B180080415AEB2BB7F9216CFAF4997B035E1DFCA77BAAF13AF34","out\atomic_clips\2025-09-20__TSC_vs_RVFC\015__2025-09-20__TSC_vs_RVFC__SHOT__t55800.00-t56220.00.mp4","C:\Users\scott\soccer-video\out\atomic_clips\2025-09-20__TSC_vs_RVFC\015__2025-09-20__TSC_vs_RVFC__SHOT__t55800.00-t56220.00.mp4","11726340"
"4E017C7D60A3D4503D4639CF91A73887A26F27172C5D85151AA7B51D2396EA18","out\atomic_clips\2025-09-20__TSC_vs_RVFC\016__2025-09-20__TSC_vs_RVFC__BUILD_UP_PLAY_SHOT__t59940.00-t61320.00.mp4","C:\Users\scott\soccer-video\out\atomic_clips\2025-09-20__TSC_vs_RVFC\016__2025-09-20__TSC_vs_RVFC__BUILD_UP_PLAY_SHOT__t59940.00-t61320.00.mp4","35594922"
"BBA9142D7257F0EF11B613CD93C55E13AD4D5E81EBC9FE9C5C1847CB3E01BBB2","out\atomic_clips\2025-09-20__TSC_vs_RVFC\017__2025-09-20__TSC_vs_RVFC__BUILD_UP_PLAY_SHOT__t65280.00-t67440.00.mp4","C:\Users\scott\soccer-video\out\atomic_clips\2025-09-20__TSC_vs_RVFC\017__2025-09-20__TSC_vs_RVFC__BUILD_UP_PLAY_SHOT__t65280.00-t67440.00.mp4","52901681"
"6A9F8BF439BA3FBDD4F972AFDCEEF2AB5D61EFB3115F304F2A1648140F487BB9","out\atomic_clips\2025-09-20__TSC_vs_RVFC\018__2025-09-20__TSC_vs_RVFC__DRIBBLING_SHOT__t68820.00-t69180.00.mp4","C:\Users\scott\soccer-video\out\atomic_clips\2025-09-20__TSC_vs_RVFC\018__2025-09-20__TSC_vs_RVFC__DRIBBLING_SHOT__t68820.00-t69180.00.mp4","9827658"
"AD44A6269E40C5FB598D3E699DD7776A990301505BB1B61B3F759F4BCE720B3A","out\atomic_clips\2025-09-20__TSC_vs_RVFC\019__2025-09-20__TSC_vs_RVFC__BUILD_UP_PLAY_SHOT__t69480.00-t70920.00.mp4","C:\Users\scott\soccer-video\out\atomic_clips\2025-09-20__TSC_vs_RVFC\019__2025-09-20__TSC_vs_RVFC__BUILD_UP_PLAY_SHOT__t69480.00-t70920.00.mp4","35353987"
"286104BBF4A08CFBEA7B4C3F20D2173182AABAB5D325FBB160B9471E8A9AC9F5","out\atomic_clips\2025-09-20__TSC_vs_RVFC\020__2025-09-20__TSC_vs_RVFC__SHOT__t74160.00-t74580.00.mp4","C:\Users\scott\soccer-video\out\atomic_clips\2025-09-20__TSC_vs_RVFC\020__2025-09-20__TSC_vs_RVFC__SHOT__t74160.00-t74580.00.mp4","10663493"
"5DF4F553AAFF896E616062ED6F4EB78DED9E913F6A4CD269EAE38091CC377F44","out\atomic_clips\2025-09-20__TSC_vs_RVFC\021__2025-09-20__TSC_vs_RVFC__CROSS__t76500.00-t77580.00.mp4","C:\Users\scott\soccer-video\out\atomic_clips\2025-09-20__TSC_vs_RVFC\021__2025-09-20__TSC_vs_RVFC__CROSS__t76500.00-t77580.00.mp4","26527338"
"6716E449C45C0E215E4A4B457D17084FD4906B5C994F012EFEB9F61913982978","out\atomic_clips\2025-09-20__TSC_vs_RVFC\022__2025-09-20__TSC_vs_RVFC__PRESSURE_SHOT__t78000.00-t78600.00.mp4","C:\Users\scott\soccer-video\out\atomic_clips\2025-09-20__TSC_vs_RVFC\022__2025-09-20__TSC_vs_RVFC__PRESSURE_SHOT__t78000.00-t78600.00.mp4","15486106"
"6C783CB465C934BA830A9E0C87C34BE261FF2465099537BA16AEF601A24D2821","out\atomic_clips\2025-09-20__TSC_vs_RVFC\023__2025-09-20__TSC_vs_RVFC__PRESSURE_SHOT__t78960.00-t79740.00.mp4","C:\Users\scott\soccer-video\out\atomic_clips\2025-09-20__TSC_vs_RVFC\023__2025-09-20__TSC_vs_RVFC__PRESSURE_SHOT__t78960.00-t79740.00.mp4","23449084"
"470433646FB4E65888A733ED591E6729B8733ECE6D302EFBBD38887B8E952880","out\atomic_clips\2025-09-20__TSC_vs_RVFC\024__2025-09-20__TSC_vs_RVFC__FREE_KICK__t84120.00-t85260.00.mp4","C:\Users\scott\soccer-video\out\atomic_clips\2025-09-20__TSC_vs_RVFC\024__2025-09-20__TSC_vs_RVFC__FREE_KICK__t84120.00-t85260.00.mp4","31602242"
"697A80B4D2F36FC9D90D54317F0AFEC380B196F21A6056F9933DB06683FBC62E","out\reels\portrait_1080x1920\001__2025-09-20__TSC_vs_RVFC__SHOT__t7320.00-t7860.00.mp4","C:\Users\scott\soccer-video\out\reels\portrait_1080x1920\001__2025-09-20__TSC_vs_RVFC__SHOT__t7320.00-t7860.00.mp4","261"
"5CCD6C2392E37DB4414BBF3CAC5B98E89D2FDC839DA498A7239F278531725256","out\atomic_clips\2025-10-04__TSC_vs_FC\001__2025-10-04__TSC_vs_FC_Tulsa_Black__DRIBBLING__t387-t412.mp4","C:\Users\scott\soccer-video\out\atomic_clips\2025-10-04__TSC_vs_FC\001__2025-10-04__TSC_vs_FC_Tulsa_Black__DRIBBLING__t387-t412.mp4","39480964"
"C3295F5CB95A093E406B79C2BEEFBA7A24F25B51456AAE61EB2AF0E018016D4F","out\reels\portrait_1080x1920\_quarantine\001__RAW__t0.00-t0.00.mp4","C:\Users\scott\soccer-video\out\reels\portrait_1080x1920\_quarantine\001__RAW__t0.00-t0.00.mp4","569795779"
"8DD8DFB5E77F8F76E5724A6A8F51B6640EC24D146C46E8A15AA7CF5B65C49549","out\reels\portrait_1080x1920\_quarantine\001__SHOT__t135.00-t145.00.__DEBUG_FINAL.mp4","C:\Users\scott\soccer-video\out\reels\portrait_1080x1920\_quarantine\001__SHOT__t135.00-t145.00.__DEBUG_FINAL.mp4","29321252"
"DC6742702D94C977B9F0D70634DF38D17B5AC6AD8DCF4E71C908A8B55327B11A","out\reels\portrait_1080x1920\_quarantine\002__RAW__t0.00-t0.00.mp4","C:\Users\scott\soccer-video\out\reels\portrait_1080x1920\_quarantine\002__RAW__t0.00-t0.00.mp4","245033299"
"DA5059C2E594AA6491D6FFDF9264A8C4E14C63C9C39044FAD3C07FB261358828","out\reels\portrait_1080x1920\_quarantine\002__RAW__t0.00-t0.00.__DEBUG_FINAL.mp4","C:\Users\scott\soccer-video\out\reels\portrait_1080x1920\_quarantine\002__RAW__t0.00-t0.00.__DEBUG_FINAL.mp4","2175271693"
"9FB069B674A7415FC85CD6DF17996D1641686C777F3AF35F3773DA1387766B46","out\reels\portrait_1080x1920\_quarantine\002__SHOT__t185.00-t206.00.__DEBUG_FINAL.mp4","C:\Users\scott\soccer-video\out\reels\portrait_1080x1920\_quarantine\002__SHOT__t185.00-t206.00.__DEBUG_FINAL.mp4","60767940"
"23698BF116915642F622D2311542073225C4669DB79EA66BB83333E4BD5216F6","out\reels\portrait_1080x1920\_quarantine\003__DEFENSE__t310.00-t342.00.__DEBUG_FINAL.mp4","C:\Users\scott\soccer-video\out\reels\portrait_1080x1920\_quarantine\003__DEFENSE__t310.00-t342.00.__DEBUG_FINAL.mp4","125163057"
"46205479CC063300D7557EBB52DE6E314A84FB2C605ABF8953E9C17FE480999C","out\reels\portrait_1080x1920\_quarantine\003__RAW__t0.00-t0.00.mp4","C:\Users\scott\soccer-video\out\reels\portrait_1080x1920\_quarantine\003__RAW__t0.00-t0.00.mp4","293822824"
"9A4DAB59686289B1BC428501E002D1A987D8207EAFE86ACA50157D14411B0F08","out\reels\portrait_1080x1920\_quarantine\003__RAW__t0.00-t0.00.__DEBUG_FINAL.mp4","C:\Users\scott\soccer-video\out\reels\portrait_1080x1920\_quarantine\003__RAW__t0.00-t0.00.__DEBUG_FINAL.mp4","3038210759"
"53954A283280A020393B24EBC0D6D2D1CB221E7B46BFFD48EAA0F16E5DAFD7B6","out\reels\portrait_1080x1920\_quarantine\004__PRESSURE__t640.00-t663.00.__CINEMATIC.mp4","C:\Users\scott\soccer-video\out\reels\portrait_1080x1920\_quarantine\004__PRESSURE__t640.00-t663.00.__CINEMATIC.mp4","23763855"
"56217E2BF06EB553DD503685304660F3CB230B948C3316714BC3389A14E3C104","out\reels\portrait_1080x1920\_quarantine\004__PRESSURE__t640.00-t663.00.__DEBUG_FINAL.mp4","C:\Users\scott\soccer-video\out\reels\portrait_1080x1920\_quarantine\004__PRESSURE__t640.00-t663.00.__DEBUG_FINAL.mp4","106742072"
"189268BD18BC3135EDB2BCACCAFFB6D70079480C703824B2E415C5928EBBCFE0","out\reels\portrait_1080x1920\_quarantine\004__PRESSURE__t640.00-t663.00.__DEBUG_LOCK.mp4","C:\Users\scott\soccer-video\out\reels\portrait_1080x1920\_quarantine\004__PRESSURE__t640.00-t663.00.__DEBUG_LOCK.mp4","67503761"
"B38F53315104785123FD4C341D22D8F0E54336F7D30FC5A1EB2E3F4B0DEEC900","out\reels\portrait_1080x1920\_quarantine\004__PRESSURE__t640.00-t663.00.__DEBUG_LOCK_BIAS.mp4","C:\Users\scott\soccer-video\out\reels\portrait_1080x1920\_quarantine\004__PRESSURE__t640.00-t663.00.__DEBUG_LOCK_BIAS.mp4","67414551"
"783C208CA66AA2BF3C1094BFF84D8802A2F5ECFF3D85E36467D17E9E6A6E4D0D","out\reels\portrait_1080x1920\_quarantine\004__PRESSURE__t640.00-t663.00.__DEBUG_LOCK_REFINED.mp4","C:\Users\scott\soccer-video\out\reels\portrait_1080x1920\_quarantine\004__PRESSURE__t640.00-t663.00.__DEBUG_LOCK_REFINED.mp4","67467870"
"D223AD16FE839F826A1CB88DF7001A14B835162C76696F0F3EF5214531562969","out\reels\portrait_1080x1920\_quarantine\004__PRESSURE__t640.00-t663.00.__DEBUG_OVERLAY.mp4","C:\Users\scott\soccer-video\out\reels\portrait_1080x1920\_quarantine\004__PRESSURE__t640.00-t663.00.__DEBUG_OVERLAY.mp4","67498771"
"3871F5AAC170B6F9AAA7244736041380BBE2F7BE68B2A710DD5BA0844783868B","out\reels\portrait_1080x1920\_quarantine\004__PRESSURE__t640.00-t663.00.__OVERLAY_auto_sh-2_dx-48_dy-108.mp4","C:\Users\scott\soccer-video\out\reels\portrait_1080x1920\_quarantine\004__PRESSURE__t640.00-t663.00.__OVERLAY_auto_sh-2_dx-48_dy-108.mp4","67504003"
"7B1C4EAE792CC790D9EAC4A04DBD6BD8F31AE7C74AC47350F0AE4F892206FC00","out\reels\portrait_1080x1920\_quarantine\004__PRESSURE__t640.00-t663.00.__OVERLAY_auto_sh-2_dx-48_dy-120.mp4","C:\Users\scott\soccer-video\out\reels\portrait_1080x1920\_quarantine\004__PRESSURE__t640.00-t663.00.__OVERLAY_auto_sh-2_dx-48_dy-120.mp4","67501829"
"CD7974EA7A42B26A48B347FFB2015501F193B00EA2D4608DFB07AB63FE69E81C","out\reels\portrait_1080x1920\_quarantine\004__PRESSURE__t640.00-t663.00.__OVERLAY_auto_sh0_dx-60_dy-48.mp4","C:\Users\scott\soccer-video\out\reels\portrait_1080x1920\_quarantine\004__PRESSURE__t640.00-t663.00.__OVERLAY_auto_sh0_dx-60_dy-48.mp4","67495157"
"F939CDA03E14880194F1AAE96F63850F0849BC6A5C24B3BB0062928B67FAFEB8","out\reels\portrait_1080x1920\_quarantine\004__PRESSURE__t640.00-t663.00.__OVERLAY_BEST_sr260_r5-22.mp4","C:\Users\scott\soccer-video\out\reels\portrait_1080x1920\_quarantine\004__PRESSURE__t640.00-t663.00.__OVERLAY_BEST_sr260_r5-22.mp4","67499204"
"FB02073975A039F81CA5CCAE3B9A9409350591F47215EE1FC4F5DAAED65BD882","out\reels\portrait_1080x1920\_quarantine\004__PRESSURE__t640.00-t663.00.__OVERLAY_DEBUG.mp4","C:\Users\scott\soccer-video\out\reels\portrait_1080x1920\_quarantine\004__PRESSURE__t640.00-t663.00.__OVERLAY_DEBUG.mp4","67499149"
"68C9AD935FF97452AF5DF1E98EACF658312D223395A8D7B674210833D6724044","out\reels\portrait_1080x1920\_quarantine\004__PRESSURE__t640.00-t663.00.__OVERLAY_LOCKED.mp4","C:\Users\scott\soccer-video\out\reels\portrait_1080x1920\_quarantine\004__PRESSURE__t640.00-t663.00.__OVERLAY_LOCKED.mp4","67500922"
"CD804A018A522BD6E7DB43796F5244123342D3262C1A40F3DEA13E4323C2428F","out\reels\portrait_1080x1920\_quarantine\004__PRESSURE__t640.00-t663.00.__OVERLAY_plan_sh-1_dx-64_dy-128.mp4","C:\Users\scott\soccer-video\out\reels\portrait_1080x1920\_quarantine\004__PRESSURE__t640.00-t663.00.__OVERLAY_plan_sh-1_dx-64_dy-128.mp4","67496428"
"C426D22E50E0A48D09057FA7F9A9DEE44673139FB613066D537CABB0648FC8A6","out\reels\portrait_1080x1920\_quarantine\004__PRESSURE__t640.00-t663.00.__OVERLAY_plan_sh-1_dx-64_dy-128__c3620ms_dt-50ms_dx4_dy2.mp4","C:\Users\scott\soccer-video\out\reels\portrait_1080x1920\_quarantine\004__PRESSURE__t640.00-t663.00.__OVERLAY_plan_sh-1_dx-64_dy-128__c3620ms_dt-50ms_dx4_dy2.mp4","67497268"
"63D4703DA5B08929B690BC8190E83D79C6867AD2CB62035AF964FCB10272F31D","out\reels\portrait_1080x1920\_quarantine\004__PRESSURE__t640.00-t663.00.__OVERLAY_plan_sh-1_dx-64_dy-128__local_dx4_dy4.mp4","C:\Users\scott\soccer-video\out\reels\portrait_1080x1920\_quarantine\004__PRESSURE__t640.00-t663.00.__OVERLAY_plan_sh-1_dx-64_dy-128__local_dx4_dy4.mp4","67496422"
"391B0FB342F7D4A906AADAF5FEC1397C1F7C3AE2C7623D569D3FCAD102747A26","out\reels\portrait_1080x1920\_quarantine\004__PRESSURE__t640.00-t663.00.__OVERLAY_plan_sh-1_dx-64_dy-132.mp4","C:\Users\scott\soccer-video\out\reels\portrait_1080x1920\_quarantine\004__PRESSURE__t640.00-t663.00.__OVERLAY_plan_sh-1_dx-64_dy-132.mp4","67497159"
"EE5BA73E29924D3536AE27EB70E683313578B151FFE69C26119639100DFC6208","out\reels\portrait_1080x1920\_quarantine\004__PRESSURE__t640.00-t663.00.__OVERLAY_plan_sh-2_dx-32_dy-84.mp4","C:\Users\scott\soccer-video\out\reels\portrait_1080x1920\_quarantine\004__PRESSURE__t640.00-t663.00.__OVERLAY_plan_sh-2_dx-32_dy-84.mp4","67503314"
"1277A422DD1FCE20C6DD5264F4A7541DB4AD4DD508989D0338871D4ECEEC2A80","out\reels\portrait_1080x1920\_quarantine\004__PRESSURE__t640.00-t663.00.__OVERLAY_shift-2.mp4","C:\Users\scott\soccer-video\out\reels\portrait_1080x1920\_quarantine\004__PRESSURE__t640.00-t663.00.__OVERLAY_shift-2.mp4","67539367"
"DDED8ACEB5ED62FB7D89554A5ACFF3713551548B5341188FB50D39661A1C2F78","out\reels\portrait_1080x1920\_quarantine\004__PRESSURE__t640.00-t663.00.__OVERLAY_shift.mp4","C:\Users\scott\soccer-video\out\reels\portrait_1080x1920\_quarantine\004__PRESSURE__t640.00-t663.00.__OVERLAY_shift.mp4","67505619"
"8B9A83651D16985DD2FB09338DA689AC79C0E964C547CDDB244A1D5EB9CD44B5","out\reels\portrait_1080x1920\_quarantine\004__PRESSURE__t640.00-t663.00.__OVERLAY_shift_p1__BIAS.mp4","C:\Users\scott\soccer-video\out\reels\portrait_1080x1920\_quarantine\004__PRESSURE__t640.00-t663.00.__OVERLAY_shift_p1__BIAS.mp4","67350591"
"8D40601AF1EC872A3EBD6C694DC08EDB390220643230DF2E286D9DF92FE11320","out\reels\portrait_1080x1920\_quarantine\004__PRESSURE__t640.00-t663.00.__OVERLAY__BIAS.mp4","C:\Users\scott\soccer-video\out\reels\portrait_1080x1920\_quarantine\004__PRESSURE__t640.00-t663.00.__OVERLAY__BIAS.mp4","67525142"
"A2FAA10DD6E7F9A2CFE59F457278983F5CAA678826C87BB543870041C9F980E5","out\portrait_reels\clean\004__PRESSURE__t640.00-t663.00_portrait_FINAL.mp4","C:\Users\scott\soccer-video\out\portrait_reels\clean\004__PRESSURE__t640.00-t663.00_portrait_FINAL.mp4","31750681"
"BA5E196A244300E16DCCFBD5B9E978347A6C70A35691B82E6F9E5965B8286724","out\reels\portrait_1080x1920\_quarantine\004__PRESSURE__t640.00-t663.00.__SMOOTH_AUTO.__DEBUG_states.mp4","C:\Users\scott\soccer-video\out\reels\portrait_1080x1920\_quarantine\004__PRESSURE__t640.00-t663.00.__SMOOTH_AUTO.__DEBUG_states.mp4","39669342"
"FF4E2206AE577AA38FE29242C3CB1F823FA5D4FAC3C1D912E2BB1A937A050E40","out\reels\portrait_1080x1920\_quarantine\004__PRESSURE__t640.00-t663.00.__SMOOTH_AUTOFIX.mp4","C:\Users\scott\soccer-video\out\reels\portrait_1080x1920\_quarantine\004__PRESSURE__t640.00-t663.00.__SMOOTH_AUTOFIX.mp4","31747806"
"374B7850191F7EECCF911F800B878E3FE74C48EB4CC201FD8DD877ECF1F2654F","out\reels\portrait_1080x1920\_quarantine\004__PRESSURE__t640.00-t663.00.__SMOOTH_LOSTMOTION.__DEBUG_states.mp4","C:\Users\scott\soccer-video\out\reels\portrait_1080x1920\_quarantine\004__PRESSURE__t640.00-t663.00.__SMOOTH_LOSTMOTION.__DEBUG_states.mp4","39637969"
"2AA13EDBA56D9B1FABC96F80A7352F30390120FA991A2B4A626272AFE6CD1C39","out\atomic_clips\misc\001__RAW__t0.00-t0.00.__DEBUG_FINAL.mp4","C:\Users\scott\soccer-video\out\atomic_clips\misc\001__RAW__t0.00-t0.00.__DEBUG_FINAL.mp4","871"
"B27D966B78A6ECE0A036CAFBFC41A73A284CD6D64C11CE05633A34710C2E93C0","out\autoframe_work\cinematic\SHOT__t0.00-t0.00\f_048608.jpg","C:\Users\scott\soccer-video\out\autoframe_work\cinematic\SHOT__t0.00-t0.00\f_048608.jpg","338745"
"84733FFEF7DC83499E11ABA993BE3FE6B2222BA850AA746DE0BDAD0E9B304756","out\autoframe_work\cinematic\PRESSURE__t640.00-t663.00\f_000004.jpg","C:\Users\scott\soccer-video\out\autoframe_work\cinematic\PRESSURE__t640.00-t663.00\f_000004.jpg","458801"
"BC3BB3B417CA4E36252141A887194D669846E997AE744554644859D9BC2484DC","out\autoframe_work\cinematic\PRESSURE__t640.00-t663.00\f_000005.jpg","C:\Users\scott\soccer-video\out\autoframe_work\cinematic\PRESSURE__t640.00-t663.00\f_000005.jpg","449450"
"8C47B4613C43A465CBEB0978C4C5D2B6A21A86BD8FC2821E2A2662D702FC7287","out\autoframe_work\cinematic\PRESSURE__t640.00-t663.00\f_000006.jpg","C:\Users\scott\soccer-video\out\autoframe_work\cinematic\PRESSURE__t640.00-t663.00\f_000006.jpg","446957"
"F9B8051F13DC4C0128F95A486B5B77E176760DAC0502C0BE88DDA5F8F5BB08E8","out\autoframe_work\cinematic\PRESSURE__t640.00-t663.00\f_000007.jpg","C:\Users\scott\soccer-video\out\autoframe_work\cinematic\PRESSURE__t640.00-t663.00\f_000007.jpg","439608"
"57560573D00F102BD378AADEA63BE9A66FB7BC75F8B78B3FAB586B60A1894CFB","out\autoframe_work\cinematic\PRESSURE__t640.00-t663.00\f_000073.jpg","C:\Users\scott\soccer-video\out\autoframe_work\cinematic\PRESSURE__t640.00-t663.00\f_000073.jpg","316437"
"C9E161F01CA639D55CF9BE32A5BEFAE27CC981D400C90A635D6043646597B955","out\autoframe_work\cinematic\PRESSURE__t640.00-t663.00\f_000074.jpg","C:\Users\scott\soccer-video\out\autoframe_work\cinematic\PRESSURE__t640.00-t663.00\f_000074.jpg","319379"
"6830999420653DCB0E353C1E4CEAF7E466A3EE14061D5FD7BD6F5BC3AAA425B6","out\autoframe_work\cinematic\PRESSURE__t640.00-t663.00\f_000075.jpg","C:\Users\scott\soccer-video\out\autoframe_work\cinematic\PRESSURE__t640.00-t663.00\f_000075.jpg","380381"
"C343EB802709618DD866C7BDCE5473DAC471EF3DC915483245DD99283C734F25","out\autoframe_work\cinematic\PRESSURE__t640.00-t663.00\f_000076.jpg","C:\Users\scott\soccer-video\out\autoframe_work\cinematic\PRESSURE__t640.00-t663.00\f_000076.jpg","365818"
"256E0A80DADFE00EDFE5D46912CADE673D09AD36288E48C120AFC8036718AF10","out\autoframe_work\cinematic\PRESSURE__t640.00-t663.00\f_000077.jpg","C:\Users\scott\soccer-video\out\autoframe_work\cinematic\PRESSURE__t640.00-t663.00\f_000077.jpg","358219"
"3299560692931EBF224AE665F03B0BDAF4BBE6AB58B74BB5A55E33D4956CC6D7","out\autoframe_work\cinematic\PRESSURE__t640.00-t663.00\f_000078.jpg","C:\Users\scott\soccer-video\out\autoframe_work\cinematic\PRESSURE__t640.00-t663.00\f_000078.jpg","354062"
"5E84F441DED8F089CD20F8B5704C77702BD24790868BB5F907D06BDD0DBEEBCC","out\autoframe_work\cinematic\PRESSURE__t640.00-t663.00\f_000079.jpg","C:\Users\scott\soccer-video\out\autoframe_work\cinematic\PRESSURE__t640.00-t663.00\f_000079.jpg","346905"
"CD13E1C949F240DCF0B9D3F6DD70C4032DCCFE88F328A649EC49AFCD60A87CC8","out\autoframe_work\cinematic\PRESSURE__t640.00-t663.00\f_000080.jpg","C:\Users\scott\soccer-video\out\autoframe_work\cinematic\PRESSURE__t640.00-t663.00\f_000080.jpg","343553"
"6AC10225BDC112EADD70981462BB664D6644556B82F92238FDB081F2BC4B7A2C","out\autoframe_work\cinematic\PRESSURE__t640.00-t663.00\f_000082.jpg","C:\Users\scott\soccer-video\out\autoframe_work\cinematic\PRESSURE__t640.00-t663.00\f_000082.jpg","335771"
"EBAC617A3D0C41248DC26708D1520B552D9C14B37B982E27B0C7FB65B76E4FEB","out\autoframe_work\cinematic\PRESSURE__t640.00-t663.00\f_000083.jpg","C:\Users\scott\soccer-video\out\autoframe_work\cinematic\PRESSURE__t640.00-t663.00\f_000083.jpg","330368"
"582B0189B2B256839680026A9DB1D2D0CD29503AB3901C40E6C1DF514D089BC6","out\autoframe_work\cinematic\PRESSURE__t640.00-t663.00\f_000084.jpg","C:\Users\scott\soccer-video\out\autoframe_work\cinematic\PRESSURE__t640.00-t663.00\f_000084.jpg","331041"
"658E2AEFC0B32BD1DF7606602CDA5A9E3EB2A3701F157F2C8148132A1946453C","out\autoframe_work\cinematic\PRESSURE__t640.00-t663.00\f_000085.jpg","C:\Users\scott\soccer-video\out\autoframe_work\cinematic\PRESSURE__t640.00-t663.00\f_000085.jpg","331524"
"9C3016477540E4A489E514C4B9E969840B38399547FF438E705F534AF56682A6","out\autoframe_work\cinematic\PRESSURE__t640.00-t663.00\f_000158.jpg","C:\Users\scott\soccer-video\out\autoframe_work\cinematic\PRESSURE__t640.00-t663.00\f_000158.jpg","392527"
"E3B0C44298FC1C149AFBF4C8996FB92427AE41E4649B934CA495991B7852B855","out\portrait_reels\branded\follow_portrait_POST.mp4","C:\Users\scott\soccer-video\out\portrait_reels\branded\follow_portrait_POST.mp4","0"
"5807F83F8C7C328954A646D8745F438443FCCBEEC9875AC5286E6C1E912174B6","out\portrait_reels\branded\002__GOAL__t180.80-t191.20_portrait_POST.mp4","C:\Users\scott\soccer-video\out\portrait_reels\branded\002__GOAL__t180.80-t191.20_portrait_POST.mp4","9730379"
"3E012DFAF3B3F46D5D0F22CE3BE261D939D9B36848E67BFFA397A9E16B00DA46","out\portrait_reels\branded\002__2025-10-04__TSC_vs_FC_Tulsa_Black__BUILD_UP__t421.00-t449.00_portrait_POST.mp4","C:\Users\scott\soccer-video\out\portrait_reels\branded\002__2025-10-04__TSC_vs_FC_Tulsa_Black__BUILD_UP__t421.00-t449.00_portrait_POST.mp4","46021873"
"4258360D4B1BF67509CC1AA4FBFE7B49DBAF3EF367C80214CD4ED26E579200CE","out\portrait_reels\branded\003__BUILD_UP__t224.80-t248.70_portrait_POST.mp4","C:\Users\scott\soccer-video\out\portrait_reels\branded\003__BUILD_UP__t224.80-t248.70_portrait_POST.mp4","34719589"
"43BE1FD006412F358ABD487B98BED7F0EEBCB2D5B8BB9D22129B10711D723396","out\portrait_reels\branded\003__2025-09-20__TSC_vs_Greenwood__BUILD_UP_PLAY_SHOT__t421.00-t441.00_portrait_POST.mp4","C:\Users\scott\soccer-video\out\portrait_reels\branded\003__2025-09-20__TSC_vs_Greenwood__BUILD_UP_PLAY_SHOT__t421.00-t441.00_portrait_POST.mp4","32277309"
"C749557357232680CF8EAC03DA5C665433F2C6D70DA0A380854C7F6FFFCC9632","out\portrait_reels\branded\003__2025-10-04__TSC_vs_FC_Tulsa_Black__BUILD_UP__t458.00-t487.00_portrait_POST.mp4","C:\Users\scott\soccer-video\out\portrait_reels\branded\003__2025-10-04__TSC_vs_FC_Tulsa_Black__BUILD_UP__t458.00-t487.00_portrait_POST.mp4","44502879"
"687CB48711F97C7380AF5DAA63EAE7A9FDB7755457C267E068E1B668A8C42E39","out\portrait_reels\branded\004__GOAL__t266.50-t283.10_portrait_POST.mp4","C:\Users\scott\soccer-video\out\portrait_reels\branded\004__GOAL__t266.50-t283.10_portrait_POST.mp4","19740672"
"E33744C4CD8475703E0ED80419F13F4E55D67F5DD380DE5DA65859CFEC3134E9","out\portrait_reels\branded\004__2025-09-20__TSC_vs_Greenwood__PRESSURE_TWO_SHOTS__t444.00-t456.00_portrait_POST.mp4","C:\Users\scott\soccer-video\out\portrait_reels\branded\004__2025-09-20__TSC_vs_Greenwood__PRESSURE_TWO_SHOTS__t444.00-t456.00_portrait_POST.mp4","20008479"
"80D542F8371248ACFCB7AA1322D9CF430D2825E9ACC78BFBC671DABE6172848B","out\portrait_reels\branded\004__2025-10-04__TSC_vs_FC_Tulsa_Black__BUILD_UP__t495.00-t513.00_portrait_POST.mp4","C:\Users\scott\soccer-video\out\portrait_reels\branded\004__2025-10-04__TSC_vs_FC_Tulsa_Black__BUILD_UP__t495.00-t513.00_portrait_POST.mp4","28114016"
"CEEBE029AB61B88B43CFF0D39F304DA8430C4B91011156A753BE8185871C8BA2","out\portrait_reels\branded\005__CORNER__t417.90-t431.60_portrait_POST.mp4","C:\Users\scott\soccer-video\out\portrait_reels\branded\005__CORNER__t417.90-t431.60_portrait_POST.mp4","16414950"
"273E78A6F478D0F137BDF7D208D01DE11FFC7C1946AA813AD47986115C091755","out\portrait_reels\branded\005__2025-09-20__TSC_vs_Greenwood__WIN_FREE_KICK__t538.00-t553.00_portrait_POST.mp4","C:\Users\scott\soccer-video\out\portrait_reels\branded\005__2025-09-20__TSC_vs_Greenwood__WIN_FREE_KICK__t538.00-t553.00_portrait_POST.mp4","23680319"
"3E93A049672C85F352A0EDECC8C99F2F0926CA358F8A5A8D9C63E32E519FF6F7","out\portrait_reels\branded\005__2025-10-04__TSC_vs_FC_Tulsa_Black__SHOT__t600.00-t607.00_portrait_POST.mp4","C:\Users\scott\soccer-video\out\portrait_reels\branded\005__2025-10-04__TSC_vs_FC_Tulsa_Black__SHOT__t600.00-t607.00_portrait_POST.mp4","11526269"
"DB80BBAFE60FBEA71C8C7F6895BB8C3AB51F3727D57799A771D17A8C8B6F62AF","out\portrait_reels\branded\006__DEFENSE__t699.30-t711.50_portrait_POST.mp4","C:\Users\scott\soccer-video\out\portrait_reels\branded\006__DEFENSE__t699.30-t711.50_portrait_POST.mp4","13121454"
"B768CDD331FE11CF63BE389A0C73403687AF972FBDDC5B222E1C3E58BE4B13F2","out\portrait_reels\branded\006__2025-09-20__TSC_vs_Greenwood__BUILD_UP_PLAY_SHOT__t685.00-t708.00_portrait_POST.mp4","C:\Users\scott\soccer-video\out\portrait_reels\branded\006__2025-09-20__TSC_vs_Greenwood__BUILD_UP_PLAY_SHOT__t685.00-t708.00_portrait_POST.mp4","36774085"
"9C5F0CC4C5CF4794387B5403097B1D825C5A04C9AF86BD337100825745B733A1","out\portrait_reels\branded\006__2025-09-20__TSC_vs_RVFC__SHOT__t517.00-t528.00_portrait_POST.mp4","C:\Users\scott\soccer-video\out\portrait_reels\branded\006__2025-09-20__TSC_vs_RVFC__SHOT__t517.00-t528.00_portrait_POST.mp4","18514832"
"A197C2970C9D33CEEA8B78806AC07A065C38122EE186880CE1CAAF78038DCEB8","out\portrait_reels\branded\006__2025-10-04__TSC_vs_FC_Tulsa_Black__BUILD_UP_GOAL__t674.00-t717.00_portrait_POST.mp4","C:\Users\scott\soccer-video\out\portrait_reels\branded\006__2025-10-04__TSC_vs_FC_Tulsa_Black__BUILD_UP_GOAL__t674.00-t717.00_portrait_POST.mp4","66693126"
"6F5DE93C6C1BAC796DC2962BF4FED492856C7E93A8DAABB23629441683993509","out\portrait_reels\branded\007__DRIBBLING__t982.00-t987.90_portrait_POST.mp4","C:\Users\scott\soccer-video\out\portrait_reels\branded\007__DRIBBLING__t982.00-t987.90_portrait_POST.mp4","9254270"
"77710A0415EAE15D803C6C757C8E0008013647FB53F6C660AA97F8C656D05154","out\portrait_reels\branded\007__2025-09-20__TSC_vs_Greenwood__DRIBBLING_SHOT__t739.00-t752.00_portrait_POST.mp4","C:\Users\scott\soccer-video\out\portrait_reels\branded\007__2025-09-20__TSC_vs_Greenwood__DRIBBLING_SHOT__t739.00-t752.00_portrait_POST.mp4","22509421"
"7F0DE44BF14F64AB585ADF5915701C43546AED449B9F87433CCA5AC3472CC1A4","out\portrait_reels\branded\007__2025-09-20__TSC_vs_RVFC__PRESSURE_GOAL__t529.00-t547.00_portrait_POST.mp4","C:\Users\scott\soccer-video\out\portrait_reels\branded\007__2025-09-20__TSC_vs_RVFC__PRESSURE_GOAL__t529.00-t547.00_portrait_POST.mp4","25738245"
"4EAC471471A086A0B9D87B8AAF3B6BC16C096CA0CF6319615B248C57D8287908","out\portrait_reels\branded\007__2025-10-04__TSC_vs_FC_Tulsa_Black__BUILD_UP_SHOT__t767.00-t785.00_portrait_POST.mp4","C:\Users\scott\soccer-video\out\portrait_reels\branded\007__2025-10-04__TSC_vs_FC_Tulsa_Black__BUILD_UP_SHOT__t767.00-t785.00_portrait_POST.mp4","29736477"
"ABD9A8C42AF2575B30D277C94CEDE8BC56F9689B6532F948383D598DF36C1784","out\portrait_reels\branded\008__SHOT__t1247.80-t1259.20_portrait_POST.mp4","C:\Users\scott\soccer-video\out\portrait_reels\branded\008__SHOT__t1247.80-t1259.20_portrait_POST.mp4","9862515"
"829EFE8E3A387CBCCF1A01D228D63657DF4387722A7BAE8E5C0E9002B984EA8D","out\portrait_reels\branded\008__2025-09-20__TSC_vs_Greenwood__PRESSURE_SHOT__t754.00-t783.00_portrait_POST.mp4","C:\Users\scott\soccer-video\out\portrait_reels\branded\008__2025-09-20__TSC_vs_Greenwood__PRESSURE_SHOT__t754.00-t783.00_portrait_POST.mp4","47498352"
"2962B982FC041EE461108755016B21CDCA1EB207B69E7DD2E9866056913D063B","out\portrait_reels\branded\008__2025-09-20__TSC_vs_RVFC__BUILD_UP_PLAY_SHOT__t565.00-t600.00_portrait_POST.mp4","C:\Users\scott\soccer-video\out\portrait_reels\branded\008__2025-09-20__TSC_vs_RVFC__BUILD_UP_PLAY_SHOT__t565.00-t600.00_portrait_POST.mp4","57490282"
"44A5FFA7B45C1FB1022580CAD35546207D2CAFA727EE7C5C14FD632374D1A24C","out\portrait_reels\branded\008__2025-10-04__TSC_vs_FC_Tulsa_Black__BUILD_UP_SHOT__t1025.00-t1040.00_portrait_POST.mp4","C:\Users\scott\soccer-video\out\portrait_reels\branded\008__2025-10-04__TSC_vs_FC_Tulsa_Black__BUILD_UP_SHOT__t1025.00-t1040.00_portrait_POST.mp4","25537531"
"0674B2FB03F581BD68B4B0A79A3C019028163AD7C736CB6CCF3DEA4B98E02FA3","out\portrait_reels\branded\009__SHOT__t1420.40-t1438.20_portrait_POST.mp4","C:\Users\scott\soccer-video\out\portrait_reels\branded\009__SHOT__t1420.40-t1438.20_portrait_POST.mp4","16875953"
"CA693C56A305651A443B3362BC38D30D3D472542690DC4CE0F471D3CB107B396","out\portrait_reels\branded\009__2025-09-20__TSC_vs_Greenwood__PRESSURE_SHOT__t802.00-t818.00_portrait_POST.mp4","C:\Users\scott\soccer-video\out\portrait_reels\branded\009__2025-09-20__TSC_vs_Greenwood__PRESSURE_SHOT__t802.00-t818.00_portrait_POST.mp4","23869724"
"1ADF86C162F1ADCA03DA7ADFA3DF4B9A1ADF5FF709E3683B43B15BDC2A2CFF67","out\portrait_reels\branded\009__2025-09-20__TSC_vs_RVFC__PRESSURE_SHOT__t604.00-t620.00_portrait_POST.mp4","C:\Users\scott\soccer-video\out\portrait_reels\branded\009__2025-09-20__TSC_vs_RVFC__PRESSURE_SHOT__t604.00-t620.00_portrait_POST.mp4","27433260"
"B8EAD5CCAD8A31C460299832A2D8351778E497C272E7C5452660B5179605272D","out\portrait_reels\branded\009__2025-10-04__TSC_vs_FC_Tulsa_Black__PRESSURE_SHOT__t1046.00-t1057.00_portrait_POST.mp4","C:\Users\scott\soccer-video\out\portrait_reels\branded\009__2025-10-04__TSC_vs_FC_Tulsa_Black__PRESSURE_SHOT__t1046.00-t1057.00_portrait_POST.mp4","15182016"
"99AF11F1F8D8F5A9B10353C71CD92057BFF9D2D55F193F6B5AE0231D7E81C91F","out\portrait_reels\branded\010__CROSS__t1541.10-t1547.90_portrait_POST.mp4","C:\Users\scott\soccer-video\out\portrait_reels\branded\010__CROSS__t1541.10-t1547.90_portrait_POST.mp4","9590020"
"C6B4D4C030344E6C16E2C770830919B95FC98A1BE3A7FD4656E7F4CCEB59E9CA","out\portrait_reels\branded\010__2025-09-20__TSC_vs_Greenwood__DEFENSE_BUILD_UP__t821.00-t848.00_portrait_POST.mp4","C:\Users\scott\soccer-video\out\portrait_reels\branded\010__2025-09-20__TSC_vs_Greenwood__DEFENSE_BUILD_UP__t821.00-t848.00_portrait_POST.mp4","45952410"
"3A35816D2859B88E15E6C161476049AE361903692AD0F74A621233DF0175D9B1","out\portrait_reels\branded\010__2025-09-20__TSC_vs_RVFC__PRESSURE_SHOT__t675.00-t689.00_portrait_POST.mp4","C:\Users\scott\soccer-video\out\portrait_reels\branded\010__2025-09-20__TSC_vs_RVFC__PRESSURE_SHOT__t675.00-t689.00_portrait_POST.mp4","22971691"
"C4196DDF38FC1296FA1BEEB74B95B1FB589DBBE4AB4D537D67083F747F16F409","out\portrait_reels\branded\010__2025-10-04__TSC_vs_FC_Tulsa_Black__BUILD_UP_SHOT__t1058.00-t1080.00_portrait_POST.mp4","C:\Users\scott\soccer-video\out\portrait_reels\branded\010__2025-10-04__TSC_vs_FC_Tulsa_Black__BUILD_UP_SHOT__t1058.00-t1080.00_portrait_POST.mp4","29663294"
"3564AE86B40122EF62AA4AAD0B8A2A90959749F63FEA106B219B21F8E7925EA7","out\portrait_reels\branded\011__SHOTS__t1655.00-t1670.30_portrait_POST.mp4","C:\Users\scott\soccer-video\out\portrait_reels\branded\011__SHOTS__t1655.00-t1670.30_portrait_POST.mp4","16247879"
"691C53A96F9254BE382C2155EC9DD605A5000EED070D65E15B3860C1F2C2D1D6","out\portrait_reels\branded\011__2025-09-20__TSC_vs_Greenwood__GOAL__t902.00-t913.00_portrait_POST.mp4","C:\Users\scott\soccer-video\out\portrait_reels\branded\011__2025-09-20__TSC_vs_Greenwood__GOAL__t902.00-t913.00_portrait_POST.mp4","18001016"
"14E2CAD338A98D4C4CDC593C9F031E02E85A1AF5AF306DA76B5B0E81BF13FB63","out\portrait_reels\branded\011__2025-09-20__TSC_vs_RVFC__PRESSURE_SHOT__t689.00-t702.00_portrait_POST.mp4","C:\Users\scott\soccer-video\out\portrait_reels\branded\011__2025-09-20__TSC_vs_RVFC__PRESSURE_SHOT__t689.00-t702.00_portrait_POST.mp4","20657442"
"B3E748F778C007C8E836375509DF0D7BA689C06A2CDACD6093F89590FC81E285","out\portrait_reels\branded\011__2025-10-04__TSC_vs_FC_Tulsa_Black__BUILD_UP_SHOT__t1198.00-t1222.00_portrait_POST.mp4","C:\Users\scott\soccer-video\out\portrait_reels\branded\011__2025-10-04__TSC_vs_FC_Tulsa_Black__BUILD_UP_SHOT__t1198.00-t1222.00_portrait_POST.mp4","38083813"
"7FD454B5B0930E4BB57AF1185DCD849E70F1AD166BDC473D2AA47B65CE000D68","out\portrait_reels\branded\012__GOAL__t1705.20-t1708.50_portrait_POST.mp4","C:\Users\scott\soccer-video\out\portrait_reels\branded\012__GOAL__t1705.20-t1708.50_portrait_POST.mp4","7766398"
"8CA96EC8D9369F3743E146D0816777EDCBD3EE848A7AA7AE8DC4E398FC48914D","out\portrait_reels\branded\012__2025-09-20__TSC_vs_Greenwood__BUILD_SHOT__t973.00-t987.00_portrait_POST.mp4","C:\Users\scott\soccer-video\out\portrait_reels\branded\012__2025-09-20__TSC_vs_Greenwood__BUILD_SHOT__t973.00-t987.00_portrait_POST.mp4","22707574"
"6225EC6D83C3A34685E135FAF02FB62D3199CF5568A72FDDE37D66E0B5D6D8DA","out\portrait_reels\branded\012__2025-09-20__TSC_vs_RVFC__BUILD_UP_PLAY_SHOT__t746.00-t757.00_portrait_POST.mp4","C:\Users\scott\soccer-video\out\portrait_reels\branded\012__2025-09-20__TSC_vs_RVFC__BUILD_UP_PLAY_SHOT__t746.00-t757.00_portrait_POST.mp4","18658560"
"B2918F79BA700E735626A0B248DEE29F55F3C570A9465EB84E1E5777CCA357C0","out\portrait_reels\branded\012__2025-10-04__TSC_vs_FC_Tulsa_Black__PRESSURE_GOAL__t1239.00-t1253.00_portrait_POST.mp4","C:\Users\scott\soccer-video\out\portrait_reels\branded\012__2025-10-04__TSC_vs_FC_Tulsa_Black__PRESSURE_GOAL__t1239.00-t1253.00_portrait_POST.mp4","19629838"
"6283926C3CA6725452EEE9876F012EE24FFFF481B4CF47B013AAC43AAD592306","out\portrait_reels\branded\013__GOAL__t1767.50-t1772.60_portrait_POST.mp4","C:\Users\scott\soccer-video\out\portrait_reels\branded\013__GOAL__t1767.50-t1772.60_portrait_POST.mp4","6289374"
"54A5EF465F1C56D3508E30E6F3952A2E4C2FEED6367A0566880907CBB387CF03","out\portrait_reels\branded\013__2025-09-20__TSC_vs_Greenwood__PRESSURE_SHOT__t988.00-t1001.00_portrait_POST.mp4","C:\Users\scott\soccer-video\out\portrait_reels\branded\013__2025-09-20__TSC_vs_Greenwood__PRESSURE_SHOT__t988.00-t1001.00_portrait_POST.mp4","21315595"
"0A1BB8AB8B5698DFBE7B3EBF6DF4A47B1A5348F6D40FFF8BBFBE450E6E536FBB","out\portrait_reels\branded\013__2025-09-20__TSC_vs_RVFC__BUILD_UP_PLAY_SHOT__t821.00-t865.00_portrait_POST.mp4","C:\Users\scott\soccer-video\out\portrait_reels\branded\013__2025-09-20__TSC_vs_RVFC__BUILD_UP_PLAY_SHOT__t821.00-t865.00_portrait_POST.mp4","73939452"
"91C25B14764FB6E90A269815F3E4ACFC2AA7E4269E5630AF1E38396258397F0E","out\portrait_reels\branded\013__2025-10-04__TSC_vs_FC_Tulsa_Black__BUILD_UP_PLAY__t1290.00-t1306.00_portrait_POST.mp4","C:\Users\scott\soccer-video\out\portrait_reels\branded\013__2025-10-04__TSC_vs_FC_Tulsa_Black__BUILD_UP_PLAY__t1290.00-t1306.00_portrait_POST.mp4","26277569"
"B801083EFBDB9896C970ED9524CDFAFB422FC555D3D3FCA5C67113B0BA08A7D3","out\portrait_reels\branded\014__GOAL__t1904.20-t1925.20_portrait_POST.mp4","C:\Users\scott\soccer-video\out\portrait_reels\branded\014__GOAL__t1904.20-t1925.20_portrait_POST.mp4","24331478"
"FF8663CE24E158727BA2881500B1D2DD4694F72E6D8AFB63FA8E3E615F9B10CE","out\portrait_reels\branded\014__2025-09-20__TSC_vs_Greenwood__PRESSURE_SHOT__t1063.00-t1073.00_portrait_POST.mp4","C:\Users\scott\soccer-video\out\portrait_reels\branded\014__2025-09-20__TSC_vs_Greenwood__PRESSURE_SHOT__t1063.00-t1073.00_portrait_POST.mp4","16482359"
"F5CBD0D59FC3690D50112AD7DF738BE426C76CB44110FBB70E67778BF300380C","out\portrait_reels\branded\014__2025-09-20__TSC_vs_RVFC__DEFENSE_BUILD_UP__t880.00-t897.00_portrait_POST.mp4","C:\Users\scott\soccer-video\out\portrait_reels\branded\014__2025-09-20__TSC_vs_RVFC__DEFENSE_BUILD_UP__t880.00-t897.00_portrait_POST.mp4","28420384"
"24F65B77E2E417287FEFB7E5B5C562131FB60B67F2EBB5B8B72F7D3E4B293C5A","out\portrait_reels\branded\014__2025-10-04__TSC_vs_FC_Tulsa_Black__SHOT__t1626.00-t1637.00_portrait_POST.mp4","C:\Users\scott\soccer-video\out\portrait_reels\branded\014__2025-10-04__TSC_vs_FC_Tulsa_Black__SHOT__t1626.00-t1637.00_portrait_POST.mp4","16876385"
"7C2547AB434CD39AC5A4452373F589BB95FF14B60AF99EC9EAE85F86C3D7098E","out\portrait_reels\branded\015__DRIBBLING__t1972.50-t1980.70_portrait_POST.mp4","C:\Users\scott\soccer-video\out\portrait_reels\branded\015__DRIBBLING__t1972.50-t1980.70_portrait_POST.mp4","9749046"
"C0AA6C72683A68262FFAD8A278CB1EE05ADB98A4747709DD8F386676CFDED1E3","out\portrait_reels\branded\015__2025-09-20__TSC_vs_Greenwood__SHOT__t1081.00-t1088.00_portrait_POST.mp4","C:\Users\scott\soccer-video\out\portrait_reels\branded\015__2025-09-20__TSC_vs_Greenwood__SHOT__t1081.00-t1088.00_portrait_POST.mp4","9892125"
"1D9829A1CB0ED69454FDD44C453325F78CBB6E94253F9DDDC77C6C7A8267B8E8","out\portrait_reels\branded\015__2025-09-20__TSC_vs_RVFC__SHOT__t930.00-t937.00_portrait_POST.mp4","C:\Users\scott\soccer-video\out\portrait_reels\branded\015__2025-09-20__TSC_vs_RVFC__SHOT__t930.00-t937.00_portrait_POST.mp4","10568223"
"733A046F9401F282F08C66AA994114D2990D400463C5DDC34549611772618821","out\portrait_reels\branded\015__2025-10-04__TSC_vs_FC_Tulsa_Black__BUILD_UP_SHOT__t1705.00-t1721.00_portrait_POST.mp4","C:\Users\scott\soccer-video\out\portrait_reels\branded\015__2025-10-04__TSC_vs_FC_Tulsa_Black__BUILD_UP_SHOT__t1705.00-t1721.00_portrait_POST.mp4","24275957"
"EBD369D901F2C4AABCF1F6404888B3CCFFBB269113D7DAAE00D49D0BE9933550","out\portrait_reels\branded\016__SHOT__t2029.90-t2039.50_portrait_POST.mp4","C:\Users\scott\soccer-video\out\portrait_reels\branded\016__SHOT__t2029.90-t2039.50_portrait_POST.mp4","14558905"
"2288AE6D9969583094FF90C59F53CA33A1C11A62A40842F8448C454A9C6C64D3","out\portrait_reels\branded\016__2025-09-20__TSC_vs_Greenwood__BUILD_UP_PLAY_SHOT__t1195.00-t1209.00_portrait_POST.mp4","C:\Users\scott\soccer-video\out\portrait_reels\branded\016__2025-09-20__TSC_vs_Greenwood__BUILD_UP_PLAY_SHOT__t1195.00-t1209.00_portrait_POST.mp4","23956431"
"C555937FAF00B2651B764A00B3BFCDD736D7510184689422C13808A5BCA622D1","out\portrait_reels\branded\016__2025-09-20__TSC_vs_RVFC__BUILD_UP_PLAY_SHOT__t999.00-t1022.00_portrait_POST.mp4","C:\Users\scott\soccer-video\out\portrait_reels\branded\016__2025-09-20__TSC_vs_RVFC__BUILD_UP_PLAY_SHOT__t999.00-t1022.00_portrait_POST.mp4","35786405"
"E958AB92849C5C310D5CC3EEFE3B0E112E08BA454210CE1A3D010FF509825343","out\portrait_reels\branded\017__SHOT__t2284.90-t2298.20_portrait_POST.mp4","C:\Users\scott\soccer-video\out\portrait_reels\branded\017__SHOT__t2284.90-t2298.20_portrait_POST.mp4","17191026"
"336BA81586C933EC559EDC82C96124765C2A214381F2A5617C2CFB28FFBA11AD","out\portrait_reels\branded\017__2025-09-20__TSC_vs_Greenwood__PRESSURE_SHOT__t1212.00-t1224.00_portrait_POST.mp4","C:\Users\scott\soccer-video\out\portrait_reels\branded\017__2025-09-20__TSC_vs_Greenwood__PRESSURE_SHOT__t1212.00-t1224.00_portrait_POST.mp4","19360275"
"AF34F8B5F76E1222F59A5E41ABD33C6CFC26E054E9C20043475739F536CF67CA","out\portrait_reels\branded\017__2025-09-20__TSC_vs_RVFC__BUILD_UP_PLAY_SHOT__t1088.00-t1124.00_portrait_POST.mp4","C:\Users\scott\soccer-video\out\portrait_reels\branded\017__2025-09-20__TSC_vs_RVFC__BUILD_UP_PLAY_SHOT__t1088.00-t1124.00_portrait_POST.mp4","54543440"
"7A1487D806B36BF01DDA8239E550D06F6F8E0F15A4FF6D21ECE14E190DBCA034","out\portrait_reels\branded\018__SHOT__t2419.50-t2425.60_portrait_POST.mp4","C:\Users\scott\soccer-video\out\portrait_reels\branded\018__SHOT__t2419.50-t2425.60_portrait_POST.mp4","6053338"
"11801FED8175168D5056B02168837A607742E3A6CB8BF3D384E50E27C4BDB0CE","out\portrait_reels\branded\018__2025-09-20__TSC_vs_Greenwood__BUILD_UP_PLAY_GOAL__t1292.00-t1329.00_portrait_POST.mp4","C:\Users\scott\soccer-video\out\portrait_reels\branded\018__2025-09-20__TSC_vs_Greenwood__BUILD_UP_PLAY_GOAL__t1292.00-t1329.00_portrait_POST.mp4","58137462"
"892D85B9D8A77863949A3D1A4BE2A8F6B379FC055A5837F3C28DBE3DEC8B7672","out\portrait_reels\branded\018__2025-09-20__TSC_vs_RVFC__DRIBBLING_SHOT__t1147.00-t1153.00_portrait_POST.mp4","C:\Users\scott\soccer-video\out\portrait_reels\branded\018__2025-09-20__TSC_vs_RVFC__DRIBBLING_SHOT__t1147.00-t1153.00_portrait_POST.mp4","10265353"
"C0721880A72C7A94D25F706DBCC6DA9CC6D012C2411D4D5A9D5CAD6049C02CB5","out\portrait_reels\branded\019__SHOT__t2633.00-t2638.10_portrait_POST.mp4","C:\Users\scott\soccer-video\out\portrait_reels\branded\019__SHOT__t2633.00-t2638.10_portrait_POST.mp4","7505153"
"47B47223AE34EDCBD9CA1A145510419E2CBFAF6CF85531042A9A7DC8521E231B","out\portrait_reels\branded\019__2025-09-20__TSC_vs_Greenwood__PRESSURE_SHOT__t1369.00-t1383.00_portrait_POST.mp4","C:\Users\scott\soccer-video\out\portrait_reels\branded\019__2025-09-20__TSC_vs_Greenwood__PRESSURE_SHOT__t1369.00-t1383.00_portrait_POST.mp4","23424953"
"FBBE65B0EAD99738DB7E1C430F0A8214752668B4F8FCB901A57983360325E95F","out\portrait_reels\branded\019__2025-09-20__TSC_vs_RVFC__BUILD_UP_PLAY_SHOT__t1158.00-t1182.00_portrait_POST.mp4","C:\Users\scott\soccer-video\out\portrait_reels\branded\019__2025-09-20__TSC_vs_RVFC__BUILD_UP_PLAY_SHOT__t1158.00-t1182.00_portrait_POST.mp4","37108782"
"E360043510B7CB5E434B0C37ECAD9B85FD20E478B44BD4250DC76F7A7AFFFA84","out\portrait_reels\branded\020__GOAL__t2816.60-t2831.80_portrait_POST.mp4","C:\Users\scott\soccer-video\out\portrait_reels\branded\020__GOAL__t2816.60-t2831.80_portrait_POST.mp4","16491053"
"41CC4DB21ED662CDDB879E101DB3FDA8E5C721D2F26A87ECE9FCF51A33367820","out\portrait_reels\branded\020__2025-09-20__TSC_vs_Greenwood__PRESSURE_SHOT__t1393.00-t1409.00_portrait_POST.mp4","C:\Users\scott\soccer-video\out\portrait_reels\branded\020__2025-09-20__TSC_vs_Greenwood__PRESSURE_SHOT__t1393.00-t1409.00_portrait_POST.mp4","25022122"
"7AAB76E19B6634E55B64742C19367E1A6AC86F390D932C0731F58F7958457649","out\portrait_reels\branded\020__2025-09-20__TSC_vs_RVFC__SHOT__t1236.00-t1243.00_portrait_POST.mp4","C:\Users\scott\soccer-video\out\portrait_reels\branded\020__2025-09-20__TSC_vs_RVFC__SHOT__t1236.00-t1243.00_portrait_POST.mp4","11248198"
"6BE99E4C54FCAABFD9E5F4B72E3E4620CE5A3A4B7AC57BFB3A64E69DB9ECE06C","out\portrait_reels\branded\021__SHOT__t2860.70-t2873.00_portrait_POST.mp4","C:\Users\scott\soccer-video\out\portrait_reels\branded\021__SHOT__t2860.70-t2873.00_portrait_POST.mp4","15254241"
"5B1544D2375FCD6ADA7AE41D052D75148C4DF096130E5BB1A01D6BEE9D29F59C","out\portrait_reels\branded\021__2025-09-20__TSC_vs_Greenwood__BUILD_UP_PLAY_SHOT__t1437.00-t1472.00_portrait_POST.mp4","C:\Users\scott\soccer-video\out\portrait_reels\branded\021__2025-09-20__TSC_vs_Greenwood__BUILD_UP_PLAY_SHOT__t1437.00-t1472.00_portrait_POST.mp4","57370647"
"B38ED80566ABC277AC25F0C366976D64F9FF7B59E3E8AA978B0CDF3259AC0606","out\portrait_reels\branded\021__2025-09-20__TSC_vs_RVFC__CROSS__t1275.00-t1293.00_portrait_POST.mp4","C:\Users\scott\soccer-video\out\portrait_reels\branded\021__2025-09-20__TSC_vs_RVFC__CROSS__t1275.00-t1293.00_portrait_POST.mp4","27515527"
"0C158ED7FA0342C80462E7060578A73A0AB0A428B6406E1F06CE08C7E90C1C82","out\portrait_reels\branded\022__2025-09-20__TSC_vs_Greenwood__GOAL__t1578.00-t1586.00_portrait_POST.mp4","C:\Users\scott\soccer-video\out\portrait_reels\branded\022__2025-09-20__TSC_vs_Greenwood__GOAL__t1578.00-t1586.00_portrait_POST.mp4","13196137"
"2BD5B59180F082271E871C60D51F99C3741C72E294BD215C6443F99A0094E2AF","out\portrait_reels\branded\022__2025-09-20__TSC_vs_RVFC__PRESSURE_SHOT__t1300.00-t1310.00_portrait_POST.mp4","C:\Users\scott\soccer-video\out\portrait_reels\branded\022__2025-09-20__TSC_vs_RVFC__PRESSURE_SHOT__t1300.00-t1310.00_portrait_POST.mp4","15201522"
"7BD6926616FEB2BFDD073CBA317898CFF5B18686A804574853B4CF628167192A","out\portrait_reels\branded\022__SHOT__t3028.10-t3059.70_portrait_POST.mp4","C:\Users\scott\soccer-video\out\portrait_reels\branded\022__SHOT__t3028.10-t3059.70_portrait_POST.mp4","37768556"
"D1C307ED5BBD03AED511ECC99A51DF72713307C23B3B37872810C6AE5C908441","out\portrait_reels\branded\023__2025-09-13__TSC_vs_NEOFC__SHOT__t3098.90-t3108.80_portrait_POST.mp4","C:\Users\scott\soccer-video\out\portrait_reels\branded\023__2025-09-13__TSC_vs_NEOFC__SHOT__t3098.90-t3108.80_portrait_POST.mp4","14076507"
"3D7D65B9964A16BF7A0EBC9277879458B992BB25F1CD844AFD06F83C396647EE","out\portrait_reels\branded\023__2025-09-20__TSC_vs_Greenwood__BUILD_UP_PLAY_SHOT__t1711.00-t1722.00_portrait_POST.mp4","C:\Users\scott\soccer-video\out\portrait_reels\branded\023__2025-09-20__TSC_vs_Greenwood__BUILD_UP_PLAY_SHOT__t1711.00-t1722.00_portrait_POST.mp4","18704455"
"B31CBD7D992E4CD8A6BDF02C0C9BD0486AA895AA79D8D54C4912AED0579F5DD8","out\portrait_reels\branded\023__2025-09-20__TSC_vs_RVFC__PRESSURE_SHOT__t1316.00-t1329.00_portrait_POST.mp4","C:\Users\scott\soccer-video\out\portrait_reels\branded\023__2025-09-20__TSC_vs_RVFC__PRESSURE_SHOT__t1316.00-t1329.00_portrait_POST.mp4","21615870"
"3C438F1CE1623937059407CE751ACB67BC15464277BCCBB4EC948DD4219C4D1E","out\portrait_reels\branded\024__2025-09-20__TSC_vs_Greenwood__PRESSURE_SHOT__t1871.00-t1881.00_portrait_POST.mp4","C:\Users\scott\soccer-video\out\portrait_reels\branded\024__2025-09-20__TSC_vs_Greenwood__PRESSURE_SHOT__t1871.00-t1881.00_portrait_POST.mp4","16210814"
"441456DBF53C68BF8FAB768D66CA943118372501BFF803C7C24609043B166086","out\portrait_reels\branded\024__2025-09-20__TSC_vs_RVFC__FREE_KICK__t1402.00-t1421.00_portrait_POST.mp4","C:\Users\scott\soccer-video\out\portrait_reels\branded\024__2025-09-20__TSC_vs_RVFC__FREE_KICK__t1402.00-t1421.00_portrait_POST.mp4","30430849"
"BAB2D5E879C8CE33BD6A1AC19A386F40C1DE6DEA45DE95841395CB57925544E4","out\portrait_reels\branded\025__2025-09-20__TSC_vs_Greenwood__GOAL__t1885.00-t1895.00_portrait_POST.mp4","C:\Users\scott\soccer-video\out\portrait_reels\branded\025__2025-09-20__TSC_vs_Greenwood__GOAL__t1885.00-t1895.00_portrait_POST.mp4","18149649"
"48E240E541A0263283DBB050DDC5B727000B3A7D89C58B28196BCCA4CDE7CD47","out\portrait_reels\branded\025__2025-09-20__TSC_vs_RVFC__PRESSURE_GOAL__t1512.00-t1520.00_portrait_POST.mp4","C:\Users\scott\soccer-video\out\portrait_reels\branded\025__2025-09-20__TSC_vs_RVFC__PRESSURE_GOAL__t1512.00-t1520.00_portrait_POST.mp4","13865267"
"76BA5659F34FE876DD151ED6666262BCB64CBD752BA2DB25F26ED75BBB514522","out\portrait_reels\branded\026__2025-09-20__TSC_vs_Greenwood__PRESSURE_SHOT__t1951.00-t1962.00_portrait_POST.mp4","C:\Users\scott\soccer-video\out\portrait_reels\branded\026__2025-09-20__TSC_vs_Greenwood__PRESSURE_SHOT__t1951.00-t1962.00_portrait_POST.mp4","17765616"
"AF76050C0C156557146E631FB831E442BD41055A3F23A61B45C9C02E885DE3F7","out\portrait_reels\branded\026__2025-09-20__TSC_vs_RVFC__DRIBBLING_SHOT__t1800.00-t1810.00_portrait_POST.mp4","C:\Users\scott\soccer-video\out\portrait_reels\branded\026__2025-09-20__TSC_vs_RVFC__DRIBBLING_SHOT__t1800.00-t1810.00_portrait_POST.mp4","16723010"
"9BC5C41993DF12F5FD21A3275D4C5676B6F5A1B06E47EFEBA1F8A29545E243D8","out\portrait_reels\branded\027__2025-09-20__TSC_vs_Greenwood__BUILD_UP_PLAY_SHOT__t2040.00-t2058.00_portrait_POST.mp4","C:\Users\scott\soccer-video\out\portrait_reels\branded\027__2025-09-20__TSC_vs_Greenwood__BUILD_UP_PLAY_SHOT__t2040.00-t2058.00_portrait_POST.mp4","31569263"
"FD3B884D06ED44C040E2877DD469A18B9CB1F3D58E40531DD56995D25B917D3F","out\portrait_reels\branded\027__2025-09-20__TSC_vs_RVFC__SHOT__t1827.00-t1834.00_portrait_POST.mp4","C:\Users\scott\soccer-video\out\portrait_reels\branded\027__2025-09-20__TSC_vs_RVFC__SHOT__t1827.00-t1834.00_portrait_POST.mp4","11377765"
"49D0714BA1B5B1E60D47BEF368A836EE8EB90205DEE3CFF78754E55D6FD51E7D","out\portrait_reels\branded\028__2025-09-20__TSC_vs_Greenwood__BUILD_UP_PLAY_SHOT__t2092.00-t2105.00_portrait_POST.mp4","C:\Users\scott\soccer-video\out\portrait_reels\branded\028__2025-09-20__TSC_vs_Greenwood__BUILD_UP_PLAY_SHOT__t2092.00-t2105.00_portrait_POST.mp4","20718106"
"22B88FD3AE90EDFB4770D78DBCCF01DDCAB571FF2EB5C70B7BDCCF031A833102","out\portrait_reels\branded\028__2025-09-20__TSC_vs_RVFC__CORNER__t1852.00-t1875.00_portrait_POST.mp4","C:\Users\scott\soccer-video\out\portrait_reels\branded\028__2025-09-20__TSC_vs_RVFC__CORNER__t1852.00-t1875.00_portrait_POST.mp4","37027563"
"6E8FC34CAB41ECCFC588FCC68CE7A5F362F1AA7C38DE2AED3AB3BD3FA1881011","out\portrait_reels\branded\029__2025-09-20__TSC_vs_Greenwood__BUILD_UP_PLAY_SHOT__t2134.00-t2152.00_portrait_POST.mp4","C:\Users\scott\soccer-video\out\portrait_reels\branded\029__2025-09-20__TSC_vs_Greenwood__BUILD_UP_PLAY_SHOT__t2134.00-t2152.00_portrait_POST.mp4","31412173"
"1EBF6922183E79BCF5E875E293D6CAD38019F87959B7370301278967C9E1ED1B","out\portrait_reels\branded\029__2025-09-20__TSC_vs_RVFC__PRESSURE_SHOT__t1883.00-t1893.00_portrait_POST.mp4","C:\Users\scott\soccer-video\out\portrait_reels\branded\029__2025-09-20__TSC_vs_RVFC__PRESSURE_SHOT__t1883.00-t1893.00_portrait_POST.mp4","15574135"
"DC5779A3275DAFDE826D759B8B08D2181B9CF21841D8ACF6FE816BA0C976BEA3","out\portrait_reels\branded\030__2025-09-20__TSC_vs_Greenwood__FREE_KICK_WON_GOAL__t2175.00-t2211.00_portrait_POST.mp4","C:\Users\scott\soccer-video\out\portrait_reels\branded\030__2025-09-20__TSC_vs_Greenwood__FREE_KICK_WON_GOAL__t2175.00-t2211.00_portrait_POST.mp4","62057588"
"A14064252E7237657399CFBEF270212ED738A206320BD163DC06EFEFE2485BDD","out\portrait_reels\branded\030__2025-09-20__TSC_vs_RVFC__PRESSURE_SHOT__t1898.00-t1911.00_portrait_POST.mp4","C:\Users\scott\soccer-video\out\portrait_reels\branded\030__2025-09-20__TSC_vs_RVFC__PRESSURE_SHOT__t1898.00-t1911.00_portrait_POST.mp4","20911917"
"AA29F0F20C9D3D403D88099D674D91443C445864CE712D3F9661C0FC276016AC","out\portrait_reels\branded\031__2025-09-20__TSC_vs_Greenwood__BUILD_UP_PLAY_SHOT__t2245.00-t2266.00_portrait_POST.mp4","C:\Users\scott\soccer-video\out\portrait_reels\branded\031__2025-09-20__TSC_vs_Greenwood__BUILD_UP_PLAY_SHOT__t2245.00-t2266.00_portrait_POST.mp4","33270350"
"86406A07B586B155134A937F3890378A14CD1C2BE89208AF8D0B2498E99E727A","out\portrait_reels\branded\031__2025-09-20__TSC_vs_RVFC__PRESSURE_SHOT__t1964.00-t1975.00_portrait_POST.mp4","C:\Users\scott\soccer-video\out\portrait_reels\branded\031__2025-09-20__TSC_vs_RVFC__PRESSURE_SHOT__t1964.00-t1975.00_portrait_POST.mp4","17432077"
"0513FF291EE93F2A6A3A63098CF51C98D24FBDE658F917E483E137C129464687","out\portrait_reels\branded\032__2025-09-20__TSC_vs_Greenwood__BUILD_UP_PLAY_SHOT__t2544.00-t2561.00_portrait_POST.mp4","C:\Users\scott\soccer-video\out\portrait_reels\branded\032__2025-09-20__TSC_vs_Greenwood__BUILD_UP_PLAY_SHOT__t2544.00-t2561.00_portrait_POST.mp4","29088321"
"6B0168B54C48192E5B26BD3468DCE7737FACD7CEA4C94DC10B6B7895A98DB0A4","out\portrait_reels\branded\032__2025-09-20__TSC_vs_RVFC__BUILD_UP_PLAY_SHOT__t2034.00-t2057.00_portrait_POST.mp4","C:\Users\scott\soccer-video\out\portrait_reels\branded\032__2025-09-20__TSC_vs_RVFC__BUILD_UP_PLAY_SHOT__t2034.00-t2057.00_portrait_POST.mp4","34666271"
"FD5E77D4100054D37892397BA4777A577ADDE2316E863BE3B5AEB1B7B0B792C9","out\portrait_reels\branded\033__2025-09-20__TSC_vs_Greenwood__GOAL__t2562.00-t2582.00_portrait_POST.mp4","C:\Users\scott\soccer-video\out\portrait_reels\branded\033__2025-09-20__TSC_vs_Greenwood__GOAL__t2562.00-t2582.00_portrait_POST.mp4","32606081"
"AFF72D7C9FF4C5A29B8F90FF3DDF2BFBD249BEEA7F6F333B6FB86582C0BE84EC","out\portrait_reels\branded\033__2025-09-20__TSC_vs_RVFC__BUILD_UP_PLAY_SHOT__t2131.00-t2150.00_portrait_POST.mp4","C:\Users\scott\soccer-video\out\portrait_reels\branded\033__2025-09-20__TSC_vs_RVFC__BUILD_UP_PLAY_SHOT__t2131.00-t2150.00_portrait_POST.mp4","29097301"
"0B5560CAB12435EF96E042B160E2F4092791D9E181BD637DEA6B81A265D6ADF3","out\portrait_reels\branded\034__2025-09-20__TSC_vs_Greenwood__PRESSURE_SHOT__t2646.00-t2665.00_portrait_POST.mp4","C:\Users\scott\soccer-video\out\portrait_reels\branded\034__2025-09-20__TSC_vs_Greenwood__PRESSURE_SHOT__t2646.00-t2665.00_portrait_POST.mp4","31799198"
"4E7D9E0E48133BF75AE4EA6D835F36FA26F3D701823EF20125B9781A5F1D522B","out\portrait_reels\branded\034__2025-09-20__TSC_vs_RVFC__PRESSURE_GOAL__t2158.00-t2169.00_portrait_POST.mp4","C:\Users\scott\soccer-video\out\portrait_reels\branded\034__2025-09-20__TSC_vs_RVFC__PRESSURE_GOAL__t2158.00-t2169.00_portrait_POST.mp4","17737921"
"837F4F27A6CA7C9EF8CFC232CB8EAB24C6057ABB71057DDD879FCC869A9EA38C","out\portrait_reels\branded\035__2025-09-20__TSC_vs_Greenwood__CORNER__t2687.00-t2701.00_portrait_POST.mp4","C:\Users\scott\soccer-video\out\portrait_reels\branded\035__2025-09-20__TSC_vs_Greenwood__CORNER__t2687.00-t2701.00_portrait_POST.mp4","23511052"
"935723670BBAFA3AAD6060AB90B7512A30390007AC8777BB2EFB9F44F68D4565","out\portrait_reels\branded\035__2025-09-20__TSC_vs_RVFC__BUILD_UP_PLAY_SHOT__t2297.00-t2312.00_portrait_POST.mp4","C:\Users\scott\soccer-video\out\portrait_reels\branded\035__2025-09-20__TSC_vs_RVFC__BUILD_UP_PLAY_SHOT__t2297.00-t2312.00_portrait_POST.mp4","22151619"
"F9EF75BAAFECC2F11EDAF8AF80A59F9EBF7C38B43773B48D7AA96114281529DB","out\portrait_reels\branded\036__2025-09-20__TSC_vs_Greenwood__PRESSURE_SHOT__t2705.00-t2715.00_portrait_POST.mp4","C:\Users\scott\soccer-video\out\portrait_reels\branded\036__2025-09-20__TSC_vs_Greenwood__PRESSURE_SHOT__t2705.00-t2715.00_portrait_POST.mp4","17225686"
"748F0BF37987C1B926E82C641418A3B3D56FCC3371EA72DF061157749BDC26B8","out\portrait_reels\branded\036__2025-09-20__TSC_vs_RVFC__PRESSURE_GOAL__t2348.00-t2367.00_portrait_POST.mp4","C:\Users\scott\soccer-video\out\portrait_reels\branded\036__2025-09-20__TSC_vs_RVFC__PRESSURE_GOAL__t2348.00-t2367.00_portrait_POST.mp4","31625274"
"6BDD17A6D228E7D6A2167EB9029937031534C0F924B72807BCABB8FED75A1FC0","out\portrait_reels\branded\037__2025-09-20__TSC_vs_Greenwood__PRESSURE_GOAL__t2729.00-t2749.00_portrait_POST.mp4","C:\Users\scott\soccer-video\out\portrait_reels\branded\037__2025-09-20__TSC_vs_Greenwood__PRESSURE_GOAL__t2729.00-t2749.00_portrait_POST.mp4","34886563"
"472D44D6E5435C7B711854A3544E651894490B56E7DDF80679709D97AC5AF38E","out\portrait_reels\branded\037__2025-09-20__TSC_vs_RVFC__PRESSURE_SHOT__t2388.00-t2397.00_portrait_POST.mp4","C:\Users\scott\soccer-video\out\portrait_reels\branded\037__2025-09-20__TSC_vs_RVFC__PRESSURE_SHOT__t2388.00-t2397.00_portrait_POST.mp4","13886004"
"4596D5A75EE1ACB8A852DFD27E5C4937F73F992C3C47720C26A2601546EEA5C0","out\portrait_reels\branded\038__2025-09-20__TSC_vs_Greenwood__PRESSURE_SHOT__t2770.00-t2827.00_portrait_POST.mp4","C:\Users\scott\soccer-video\out\portrait_reels\branded\038__2025-09-20__TSC_vs_Greenwood__PRESSURE_SHOT__t2770.00-t2827.00_portrait_POST.mp4","96478922"
"0070BE7485FAF4AA20C51ED2A058B3EA86E68C5C6D77FD897CB113D0AFC4BAB2","out\portrait_reels\branded\038__2025-09-20__TSC_vs_RVFC__PRESSURE_GOAL__t2411.00-t2431.00_portrait_POST.mp4","C:\Users\scott\soccer-video\out\portrait_reels\branded\038__2025-09-20__TSC_vs_RVFC__PRESSURE_GOAL__t2411.00-t2431.00_portrait_POST.mp4","31335829"
"932C3E04555C3AAFE29D38D3C582465E6A4D6015B45CF32678F720A765204639","out\portrait_reels\branded\039__2025-09-20__TSC_vs_Greenwood__BUILD_UP_PLAY_SHOT__t2894.00-t2914.00_portrait_POST.mp4","C:\Users\scott\soccer-video\out\portrait_reels\branded\039__2025-09-20__TSC_vs_Greenwood__BUILD_UP_PLAY_SHOT__t2894.00-t2914.00_portrait_POST.mp4","33672737"
"FE09DDB756324ECE4AA817B56B075A7C1817797858230640840C6C6665F83418","out\portrait_reels\branded\039__2025-09-20__TSC_vs_RVFC__PRESSURE_GOAL__t2485.00-t2506.00_portrait_POST.mp4","C:\Users\scott\soccer-video\out\portrait_reels\branded\039__2025-09-20__TSC_vs_RVFC__PRESSURE_GOAL__t2485.00-t2506.00_portrait_POST.mp4","33149361"
"445D7861DFF86D6F22D898E57CAE521D5A56F0D6C33736493341442E34172F49","out\portrait_reels\branded\040__2025-09-20__TSC_vs_RVFC__BUILD_UP_PLAY_SHOT__t2571.00-t2599.00_portrait_POST.mp4","C:\Users\scott\soccer-video\out\portrait_reels\branded\040__2025-09-20__TSC_vs_RVFC__BUILD_UP_PLAY_SHOT__t2571.00-t2599.00_portrait_POST.mp4","43909770"
"3D59B1E3FCBD476DFBBF553CDD477487A59E3150E93D03E4424B4795B30F8148","out\portrait_reels\branded\041__2025-09-20__TSC_vs_RVFC__CORNER__t2712.00-t2722.00_portrait_POST.mp4","C:\Users\scott\soccer-video\out\portrait_reels\branded\041__2025-09-20__TSC_vs_RVFC__CORNER__t2712.00-t2722.00_portrait_POST.mp4","16195425"
"CB54E66F51F1DA24E451D5E222A2D1880804300992EEBF1D2F51498AE6527182","out\portrait_reels\branded\042__2025-09-20__TSC_vs_RVFC__CORNER__t2765.00-t2783.00_portrait_POST.mp4","C:\Users\scott\soccer-video\out\portrait_reels\branded\042__2025-09-20__TSC_vs_RVFC__CORNER__t2765.00-t2783.00_portrait_POST.mp4","29150499"
"5EA44345573E00FEFCA302F453F06172ED5B3DA3DB5823349932FF22EE273D1F","out\portrait_reels\branded\043__2025-09-20__TSC_vs_RVFC__GOAL__t3010.00-t3028.00_portrait_POST.mp4","C:\Users\scott\soccer-video\out\portrait_reels\branded\043__2025-09-20__TSC_vs_RVFC__GOAL__t3010.00-t3028.00_portrait_POST.mp4","28185587"
"720B3F705D3E6B65E9EF8B821E84F3430E1FF6ECE9C05A108DEE3C5A35892125","out\portrait_reels\branded\044__2025-09-20__TSC_vs_RVFC__GOAL__t3051.00-t3066.00_portrait_POST.mp4","C:\Users\scott\soccer-video\out\portrait_reels\branded\044__2025-09-20__TSC_vs_RVFC__GOAL__t3051.00-t3066.00_portrait_POST.mp4","22509213"
"5F9A61F3E3E6EE7F5893928841F77720D4F2FD614AA5CDC98F9AC614F9FF091D","out\branded_clips\REELS\2025-09-20__TSC_vs_Greenwood\015__2025-09-20__TSC_vs_Greenwood__SHOT__t64860.00-t65280.00__REEL.mp4","C:\Users\scott\soccer-video\out\branded_clips\REELS\2025-09-20__TSC_vs_Greenwood\015__2025-09-20__TSC_vs_Greenwood__SHOT__t64860.00-t65280.00__REEL.mp4","11326468"
"EA2B52CF94AED99589993D4F44A87DB53B267C1C79BEE7AAA6D2AFC3F254EE92","out\diag_masks\000_fieldmask.png","C:\Users\scott\soccer-video\out\diag_masks\000_fieldmask.png","15492"
"9446C534413390627EF1D1E8BB1AA59FF60C847A793CA16F03452E4AB424FC06","out\follow_diag\004__PRESSURE__t640.00-t663.00\seg3.mp4","C:\Users\scott\soccer-video\out\follow_diag\004__PRESSURE__t640.00-t663.00\seg3.mp4","18954072"
"F7D9AC9B1FBAB462204C737B30B5B1D2FFBB434E988AA4D76E49EA07B5C155D2","out\follow_diag\004__PRESSURE__t640.00-t663.00\seg3.__OVERLAY.mp4","C:\Users\scott\soccer-video\out\follow_diag\004__PRESSURE__t640.00-t663.00\seg3.__OVERLAY.mp4","21678649"
"16CF94944F2F30E371CF30124A47CEE12A2C2DEEB63C09F0512459A38B738D32","out\games\2025-09-13__TSC_vs_NEOFC\MASTER.mp4","C:\Users\scott\soccer-video\out\games\2025-09-13__TSC_vs_NEOFC\MASTER.mp4","3938848268"
"E6834143D4C9D635FF8D33CCCB36EADDA74ABF8C8C129895EE197B28C399B0AC","out\games\2025-09-13__TSC_vs_NEOFC\reels_portrait_1080x1920\001__2025-09-13__TSC_vs_NEOFC__SHOT__t155.50-t166.40.__DEBUG_FINAL_portrait_FINAL.mp4","C:\Users\scott\soccer-video\out\games\2025-09-13__TSC_vs_NEOFC\reels_portrait_1080x1920\001__2025-09-13__TSC_vs_NEOFC__SHOT__t155.50-t166.40.__DEBUG_FINAL_portrait_FINAL.mp4","13179600"
"A69C043C3AFFCEF19242D31199E9763F9A587D3DB0CF1BEB6045B17DA854A400","out\games\2025-09-13__TSC_vs_NEOFC\reels_portrait_1080x1920\002__2025-09-13__TSC_vs_NEOFC__GOAL__t180.80-t191.20.__DEBUG_FINAL_portrait_FINAL.mp4","C:\Users\scott\soccer-video\out\games\2025-09-13__TSC_vs_NEOFC\reels_portrait_1080x1920\002__2025-09-13__TSC_vs_NEOFC__GOAL__t180.80-t191.20.__DEBUG_FINAL_portrait_FINAL.mp4","12643147"
"10BFCCAD2A0957D5FF4C33C73E2A3026A0D03BA05D9555103091791CCADE72B4","out\games\2025-09-13__TSC_vs_NEOFC\reels_portrait_1080x1920\003__2025-09-13__TSC_vs_NEOFC__BUILD_UP__t224.80-t248.70.__DEBUG_FINAL_portrait_FINAL.mp4","C:\Users\scott\soccer-video\out\games\2025-09-13__TSC_vs_NEOFC\reels_portrait_1080x1920\003__2025-09-13__TSC_vs_NEOFC__BUILD_UP__t224.80-t248.70.__DEBUG_FINAL_portrait_FINAL.mp4","27087282"
"33523FB3A1B5F2DAA7AEDD00159E7F7D952C5F37B0839EC878CEBD0E059B1002","out\games\2025-09-13__TSC_vs_NEOFC\reels_portrait_1080x1920\004__2025-09-13__TSC_vs_NEOFC__GOAL__t266.50-t283.10.__DEBUG_FINAL_portrait_FINAL.mp4","C:\Users\scott\soccer-video\out\games\2025-09-13__TSC_vs_NEOFC\reels_portrait_1080x1920\004__2025-09-13__TSC_vs_NEOFC__GOAL__t266.50-t283.10.__DEBUG_FINAL_portrait_FINAL.mp4","18900462"
"318ECC1562084EF366A3F19BAF49E1CB63E9A3293CDA3A09532ED60AFB315F86","out\games\2025-09-13__TSC_vs_NEOFC\reels_portrait_1080x1920\005__2025-09-13__TSC_vs_NEOFC__CORNER__t417.90-t431.60.__DEBUG_FINAL_portrait_FINAL.mp4","C:\Users\scott\soccer-video\out\games\2025-09-13__TSC_vs_NEOFC\reels_portrait_1080x1920\005__2025-09-13__TSC_vs_NEOFC__CORNER__t417.90-t431.60.__DEBUG_FINAL_portrait_FINAL.mp4","15488731"
"EF8C388D5DB321FBEA59B36EC03CD6971BB648DA0A86B31856B9B0F9A74AE6B1","out\games\2025-09-13__TSC_vs_NEOFC\reels_portrait_1080x1920\006__2025-09-13__TSC_vs_NEOFC__DEFENSE__t699.30-t711.50.__DEBUG_FINAL_portrait_FINAL.mp4","C:\Users\scott\soccer-video\out\games\2025-09-13__TSC_vs_NEOFC\reels_portrait_1080x1920\006__2025-09-13__TSC_vs_NEOFC__DEFENSE__t699.30-t711.50.__DEBUG_FINAL_portrait_FINAL.mp4","4322012"
"9127FE2C95A0BFDEB3F1348F8C61E05A17054D759557974C4BE43D5F897A34D4","out\games\2025-09-13__TSC_vs_NEOFC\reels_portrait_1080x1920\022__SHOT__t3028.10-t3059.70.__DEBUG_FINAL_portrait_FINAL.mp4","C:\Users\scott\soccer-video\out\games\2025-09-13__TSC_vs_NEOFC\reels_portrait_1080x1920\022__SHOT__t3028.10-t3059.70.__DEBUG_FINAL_portrait_FINAL.mp4","35992641"
"B0B1D20FCE61C6CAFE8D6CB42B4B9D31ADE0504D12D7EFBF9461744748756CC7","out\games\2025-09-13__TSC_vs_NEOFC\reels_portrait_1080x1920\022__SHOT__t3028.10-t3059.70.__DEBUG_portrait_FINAL.mp4","C:\Users\scott\soccer-video\out\games\2025-09-13__TSC_vs_NEOFC\reels_portrait_1080x1920\022__SHOT__t3028.10-t3059.70.__DEBUG_portrait_FINAL.mp4","36945214"
"CF64BF14D41A8839DA603C712644E2A35156D0291AD8296DEBB489683A438081","out\games\2025-09-20__TSC_vs_Greenwood\MASTER.mp4","C:\Users\scott\soccer-video\out\games\2025-09-20__TSC_vs_Greenwood\MASTER.mp4","5010897397"
"F325BE29C4226397172AEDB7469D04A9DD13994418AEA4C99E11F56D4ACDC8A2","out\games\2025-09-20__TSC_vs_RVFC\MASTER.mp4","C:\Users\scott\soccer-video\out\games\2025-09-20__TSC_vs_RVFC\MASTER.mp4","4919311191"
"ADBED55E49B7D160FC2072931171AC4BEEC014FA12A1AE01C7F0F031815D487F","out\games\2025-10-04__TSC_vs_FC_Tulsa_Black\MASTER.mp4","C:\Users\scott\soccer-video\out\games\2025-10-04__TSC_vs_FC_Tulsa_Black\MASTER.mp4","3015374216"
"C3C07D488BA919C484403764DDB69CB3D9B258034CB8CACA425FAAE08F9C47F4","out\TSC_SLSG_FallFestival_2025\MASTER.mp4","C:\Users\scott\soccer-video\out\TSC_SLSG_FallFestival_2025\MASTER.mp4","1108737394"
"A51642127298798F739F147CA1AE6EB2E94E3E5B8515CABAE4D3DF064A7E70F2","out\portrait_reels\branded\_portrait_POST.mp4","C:\Users\scott\soccer-video\out\portrait_reels\branded\_portrait_POST.mp4","7752303"
"4AB6BBCB05E5D45FFE744A1CBF9FFD539F71E13490FB3EE982C99A28DA609FB3","out\reels\portrait_1080x1920\011__2025-10-04__TSC_vs_FC_Tulsa_Black__BUILD_UP_SHOT__t71880.00-t73320.00.mp4","C:\Users\scott\soccer-video\out\reels\portrait_1080x1920\011__2025-10-04__TSC_vs_FC_Tulsa_Black__BUILD_UP_SHOT__t71880.00-t73320.00.mp4","25280"
"215C5E93D9F32B6529064787CEF0CCF33957C9410B3DB4D97607514F1FB0614E","out\reels\portrait_1080x1920\015__2025-09-20__TSC_vs_Greenwood__SHOT__t64860.00-t65280.00.mp4","C:\Users\scott\soccer-video\out\reels\portrait_1080x1920\015__2025-09-20__TSC_vs_Greenwood__SHOT__t64860.00-t65280.00.mp4","26895"
"9AAFF99391E5414C3029A16825014323933B2811EA777B1B5526459B5D33D31C","out\reels\portrait_1080x1920\015__2025-09-20__TSC_vs_RVFC__SHOT__t55800.00-t56220.00.mp4","C:\Users\scott\soccer-video\out\reels\portrait_1080x1920\015__2025-09-20__TSC_vs_RVFC__SHOT__t55800.00-t56220.00.mp4","16974"
"09B7014CFC6882C8936769D03E86F5E28841DF51F1CBCAFB9B66B1EBFE189FAA","out\reels\portrait_1080x1920\2025-10-04__TSC_vs_FC\116__2025-10-04__TSC_vs_FC_Tulsa_Black__DRIBBLING__t387-t412.mp4","C:\Users\scott\soccer-video\out\reels\portrait_1080x1920\2025-10-04__TSC_vs_FC\116__2025-10-04__TSC_vs_FC_Tulsa_Black__DRIBBLING__t387-t412.mp4","73554984"
