"Hash","RelativePath","FullPath","SizeBytes","Reason"
"1038925E5DE5C71AF18E43E541378093C39DB6921A1A18A84F3185DDC0732738","out\atomic_clips\2025-09-20__TSC_vs_Greenwood\003__2025-09-20__TSC_vs_Greenwood__BUILD_UP_PLAY_SHOT__t25260.00-t26460.00.mp4","C:\Users\scott\soccer-video\out\atomic_clips\2025-09-20__TSC_vs_Greenwood\003__2025-09-20__TSC_vs_Greenwood__BUILD_UP_PLAY_SHOT__t25260.00-t26460.00.mp4","34780476","R21:deterministic-collapse:keep-a"
"1038925E5DE5C71AF18E43E541378093C39DB6921A1A18A84F3185DDC0732738","out\atomic_clips\2025-09-20__TSC_vs_Greenwood\003__2025-09-20__TSC_vs_Greenwood__BUILD_UP_PLAY_SHOT__t421.00-t441.00_portrait_POST.mp4","C:\Users\scott\soccer-video\out\atomic_clips\2025-09-20__TSC_vs_Greenwood\003__2025-09-20__TSC_vs_Greenwood__BUILD_UP_PLAY_SHOT__t421.00-t441.00_portrait_POST.mp4","34780476","R21:deterministic-collapse:keep-a"
"E175A3F61A09A0C210A245AE082D796973DC856AA089C7F58B2D5D5FB7571ADD","out\atomic_clips\2025-09-20__TSC_vs_Greenwood\004__2025-09-20__TSC_vs_Greenwood__PRESSURE_TWO_SHOTS__t26640.00-t27360.00.mp4","C:\Users\scott\soccer-video\out\atomic_clips\2025-09-20__TSC_vs_Greenwood\004__2025-09-20__TSC_vs_Greenwood__PRESSURE_TWO_SHOTS__t26640.00-t27360.00.mp4","22934519","R21:deterministic-collapse:keep-a"
"E175A3F61A09A0C210A245AE082D796973DC856AA089C7F58B2D5D5FB7571ADD","out\atomic_clips\2025-09-20__TSC_vs_Greenwood\004__2025-09-20__TSC_vs_Greenwood__PRESSURE_TWO_SHOTS__t444.00-t456.00_portrait_POST.mp4","C:\Users\scott\soccer-video\out\atomic_clips\2025-09-20__TSC_vs_Greenwood\004__2025-09-20__TSC_vs_Greenwood__PRESSURE_TWO_SHOTS__t444.00-t456.00_portrait_POST.mp4","22934519","R21:deterministic-collapse:keep-a"
"185925319A3E971129E25D2149E8F7F5512BE86003A1EB9D985F84D9DC0590A8","out\atomic_clips\2025-09-20__TSC_vs_Greenwood\005__2025-09-20__TSC_vs_Greenwood__WIN_FREE_KICK__t32280.00-t33180.00.mp4","C:\Users\scott\soccer-video\out\atomic_clips\2025-09-20__TSC_vs_Greenwood\005__2025-09-20__TSC_vs_Greenwood__WIN_FREE_KICK__t32280.00-t33180.00.mp4","23051882","R21:deterministic-collapse:keep-a"
"185925319A3E971129E25D2149E8F7F5512BE86003A1EB9D985F84D9DC0590A8","out\atomic_clips\2025-09-20__TSC_vs_Greenwood\005__2025-09-20__TSC_vs_Greenwood__WIN_FREE_KICK__t538.00-t553.00_portrait_POST.mp4","C:\Users\scott\soccer-video\out\atomic_clips\2025-09-20__TSC_vs_Greenwood\005__2025-09-20__TSC_vs_Greenwood__WIN_FREE_KICK__t538.00-t553.00_portrait_POST.mp4","23051882","R21:deterministic-collapse:keep-a"
"0E51501AE97C44D3382D8710F8F770E730D70F2759503F64F35ABAA68DB047C5","out\atomic_clips\2025-09-20__TSC_vs_Greenwood\006__2025-09-20__TSC_vs_Greenwood__BUILD_UP_PLAY_SHOT__t41100.00-t42480.00.mp4","C:\Users\scott\soccer-video\out\atomic_clips\2025-09-20__TSC_vs_Greenwood\006__2025-09-20__TSC_vs_Greenwood__BUILD_UP_PLAY_SHOT__t41100.00-t42480.00.mp4","34500795","R21:deterministic-collapse:keep-a"
"0E51501AE97C44D3382D8710F8F770E730D70F2759503F64F35ABAA68DB047C5","out\atomic_clips\2025-09-20__TSC_vs_Greenwood\006__2025-09-20__TSC_vs_Greenwood__BUILD_UP_PLAY_SHOT__t685.00-t708.00_portrait_POST.mp4","C:\Users\scott\soccer-video\out\atomic_clips\2025-09-20__TSC_vs_Greenwood\006__2025-09-20__TSC_vs_Greenwood__BUILD_UP_PLAY_SHOT__t685.00-t708.00_portrait_POST.mp4","34500795","R21:deterministic-collapse:keep-a"
"C7A7E53324EA7A662C86F475754E0750411C46AFA111BE92DA2194B8A47A4CD4","out\atomic_clips\2025-09-20__TSC_vs_Greenwood\007__2025-09-20__TSC_vs_Greenwood__DRIBBLING_SHOT__t44340.00-t45120.00.mp4","C:\Users\scott\soccer-video\out\atomic_clips\2025-09-20__TSC_vs_Greenwood\007__2025-09-20__TSC_vs_Greenwood__DRIBBLING_SHOT__t44340.00-t45120.00.mp4","23485482","R21:deterministic-collapse:keep-a"
"C7A7E53324EA7A662C86F475754E0750411C46AFA111BE92DA2194B8A47A4CD4","out\atomic_clips\2025-09-20__TSC_vs_Greenwood\007__2025-09-20__TSC_vs_Greenwood__DRIBBLING_SHOT__t739.00-t752.00_portrait_POST.mp4","C:\Users\scott\soccer-video\out\atomic_clips\2025-09-20__TSC_vs_Greenwood\007__2025-09-20__TSC_vs_Greenwood__DRIBBLING_SHOT__t739.00-t752.00_portrait_POST.mp4","23485482","R21:deterministic-collapse:keep-a"
"69A6EA03CA82656B34515A4887636534CDE0A261744E77F41EB9F0A6473FC22F","out\atomic_clips\2025-09-20__TSC_vs_Greenwood\008__2025-09-20__TSC_vs_Greenwood__PRESSURE_SHOT__t45240.00-t46980.00.mp4","C:\Users\scott\soccer-video\out\atomic_clips\2025-09-20__TSC_vs_Greenwood\008__2025-09-20__TSC_vs_Greenwood__PRESSURE_SHOT__t45240.00-t46980.00.mp4","52505866","R21:deterministic-collapse:keep-a"
"69A6EA03CA82656B34515A4887636534CDE0A261744E77F41EB9F0A6473FC22F","out\atomic_clips\2025-09-20__TSC_vs_Greenwood\008__2025-09-20__TSC_vs_Greenwood__PRESSURE_SHOT__t754.00-t783.00_portrait_POST.mp4","C:\Users\scott\soccer-video\out\atomic_clips\2025-09-20__TSC_vs_Greenwood\008__2025-09-20__TSC_vs_Greenwood__PRESSURE_SHOT__t754.00-t783.00_portrait_POST.mp4","52505866","R21:deterministic-collapse:keep-a"
"987D6A823FD5E08196A811838D231FBBAA0FB52C3E961B81194DC31879C9382B","out\atomic_clips\2025-09-20__TSC_vs_Greenwood\009__2025-09-20__TSC_vs_Greenwood__PRESSURE_SHOT__t48120.00-t49080.00.mp4","C:\Users\scott\soccer-video\out\atomic_clips\2025-09-20__TSC_vs_Greenwood\009__2025-09-20__TSC_vs_Greenwood__PRESSURE_SHOT__t48120.00-t49080.00.mp4","26297732","R21:deterministic-collapse:keep-a"
"987D6A823FD5E08196A811838D231FBBAA0FB52C3E961B81194DC31879C9382B","out\atomic_clips\2025-09-20__TSC_vs_Greenwood\009__2025-09-20__TSC_vs_Greenwood__PRESSURE_SHOT__t802.00-t818.00_portrait_POST.mp4","C:\Users\scott\soccer-video\out\atomic_clips\2025-09-20__TSC_vs_Greenwood\009__2025-09-20__TSC_vs_Greenwood__PRESSURE_SHOT__t802.00-t818.00_portrait_POST.mp4","26297732","R21:deterministic-collapse:keep-a"
"6B6BBDA6DB1973C9079494C55B1466B7573C150EB269A0BA7B38B64879501F7A","out\atomic_clips\2025-09-20__TSC_vs_Greenwood\010__2025-09-20__TSC_vs_Greenwood__DEFENSE_BUILD_UP__t49260.00-t50880.00.mp4","C:\Users\scott\soccer-video\out\atomic_clips\2025-09-20__TSC_vs_Greenwood\010__2025-09-20__TSC_vs_Greenwood__DEFENSE_BUILD_UP__t49260.00-t50880.00.mp4","46438681","R21:deterministic-collapse:keep-a"
"6B6BBDA6DB1973C9079494C55B1466B7573C150EB269A0BA7B38B64879501F7A","out\atomic_clips\2025-09-20__TSC_vs_Greenwood\010__2025-09-20__TSC_vs_Greenwood__DEFENSE_BUILD_UP__t821.00-t848.00_portrait_POST.mp4","C:\Users\scott\soccer-video\out\atomic_clips\2025-09-20__TSC_vs_Greenwood\010__2025-09-20__TSC_vs_Greenwood__DEFENSE_BUILD_UP__t821.00-t848.00_portrait_POST.mp4","46438681","R21:deterministic-collapse:keep-a"
"6CE4AB514C5E56F1712B5F5320867D831DF1EA26063101836B408E57B84FD39C","out\atomic_clips\2025-09-20__TSC_vs_Greenwood\011__2025-09-20__TSC_vs_Greenwood__GOAL__t54120.00-t54780.00.mp4","C:\Users\scott\soccer-video\out\atomic_clips\2025-09-20__TSC_vs_Greenwood\011__2025-09-20__TSC_vs_Greenwood__GOAL__t54120.00-t54780.00.mp4","20234155","R21:deterministic-collapse:keep-a"
"6CE4AB514C5E56F1712B5F5320867D831DF1EA26063101836B408E57B84FD39C","out\atomic_clips\2025-09-20__TSC_vs_Greenwood\011__2025-09-20__TSC_vs_Greenwood__GOAL__t902.00-t913.00_portrait_POST.mp4","C:\Users\scott\soccer-video\out\atomic_clips\2025-09-20__TSC_vs_Greenwood\011__2025-09-20__TSC_vs_Greenwood__GOAL__t902.00-t913.00_portrait_POST.mp4","20234155","R21:deterministic-collapse:keep-a"
"D4BF478CFCEFB5007A2965342EE8701831A447796B2461F78AF92236E87C44E0","out\atomic_clips\2025-09-20__TSC_vs_Greenwood\012__2025-09-20__TSC_vs_Greenwood__BUILD_SHOT__t58380.00-t59220.00.mp4","C:\Users\scott\soccer-video\out\atomic_clips\2025-09-20__TSC_vs_Greenwood\012__2025-09-20__TSC_vs_Greenwood__BUILD_SHOT__t58380.00-t59220.00.mp4","22470661","R21:deterministic-collapse:keep-a"
"D4BF478CFCEFB5007A2965342EE8701831A447796B2461F78AF92236E87C44E0","out\atomic_clips\2025-09-20__TSC_vs_Greenwood\012__2025-09-20__TSC_vs_Greenwood__BUILD_SHOT__t973.00-t987.00_portrait_POST.mp4","C:\Users\scott\soccer-video\out\atomic_clips\2025-09-20__TSC_vs_Greenwood\012__2025-09-20__TSC_vs_Greenwood__BUILD_SHOT__t973.00-t987.00_portrait_POST.mp4","22470661","R21:deterministic-collapse:keep-a"
"3F10C963D7C28FE58AD411D88306C04341046BA67C65EF37868FAF1753AC371A","out\atomic_clips\2025-09-20__TSC_vs_Greenwood\013__2025-09-20__TSC_vs_Greenwood__PRESSURE_SHOT__t59280.00-t60060.00.mp4","C:\Users\scott\soccer-video\out\atomic_clips\2025-09-20__TSC_vs_Greenwood\013__2025-09-20__TSC_vs_Greenwood__PRESSURE_SHOT__t59280.00-t60060.00.mp4","22967378","R21:deterministic-collapse:keep-a"
"3F10C963D7C28FE58AD411D88306C04341046BA67C65EF37868FAF1753AC371A","out\atomic_clips\2025-09-20__TSC_vs_Greenwood\013__2025-09-20__TSC_vs_Greenwood__PRESSURE_SHOT__t988.00-t1001.00_portrait_POST.mp4","C:\Users\scott\soccer-video\out\atomic_clips\2025-09-20__TSC_vs_Greenwood\013__2025-09-20__TSC_vs_Greenwood__PRESSURE_SHOT__t988.00-t1001.00_portrait_POST.mp4","22967378","R21:deterministic-collapse:keep-a"
"E61813C5183417C71F80B8558101DBE2D5ED0435C9D2F4E2F207337955034BE2","out\atomic_clips\2025-09-20__TSC_vs_Greenwood\014__2025-09-20__TSC_vs_Greenwood__PRESSURE_SHOT__t1063.00-t1073.00_portrait_POST.mp4","C:\Users\scott\soccer-video\out\atomic_clips\2025-09-20__TSC_vs_Greenwood\014__2025-09-20__TSC_vs_Greenwood__PRESSURE_SHOT__t1063.00-t1073.00_portrait_POST.mp4","16538173","R21:deterministic-collapse:keep-a"
"E61813C5183417C71F80B8558101DBE2D5ED0435C9D2F4E2F207337955034BE2","out\atomic_clips\2025-09-20__TSC_vs_Greenwood\014__2025-09-20__TSC_vs_Greenwood__PRESSURE_SHOT__t63780.00-t64380.00.mp4","C:\Users\scott\soccer-video\out\atomic_clips\2025-09-20__TSC_vs_Greenwood\014__2025-09-20__TSC_vs_Greenwood__PRESSURE_SHOT__t63780.00-t64380.00.mp4","16538173","R21:deterministic-collapse:keep-a"
"3D6F06BC857F3BF84C6C8BFED39A102D4151DEBF66E481237BE4289FA9370FB1","out\atomic_clips\2025-09-20__TSC_vs_Greenwood\015__2025-09-20__TSC_vs_Greenwood__SHOT__t1081.00-t1088.00_portrait_POST.mp4","C:\Users\scott\soccer-video\out\atomic_clips\2025-09-20__TSC_vs_Greenwood\015__2025-09-20__TSC_vs_Greenwood__SHOT__t1081.00-t1088.00_portrait_POST.mp4","11250602","R21:deterministic-collapse:keep-a"
"3D6F06BC857F3BF84C6C8BFED39A102D4151DEBF66E481237BE4289FA9370FB1","out\atomic_clips\2025-09-20__TSC_vs_Greenwood\015__2025-09-20__TSC_vs_Greenwood__SHOT__t64860.00-t65280.00.mp4","C:\Users\scott\soccer-video\out\atomic_clips\2025-09-20__TSC_vs_Greenwood\015__2025-09-20__TSC_vs_Greenwood__SHOT__t64860.00-t65280.00.mp4","11250602","R21:deterministic-collapse:keep-a"
"DC038E98F4CD90F28DDC2B9B72FC82A0AD6407407666C299F171C9705D2E22A0","out\atomic_clips\2025-09-20__TSC_vs_Greenwood\016__2025-09-20__TSC_vs_Greenwood__BUILD_UP_PLAY_SHOT__t1195.00-t1209.00_portrait_POST.mp4","C:\Users\scott\soccer-video\out\atomic_clips\2025-09-20__TSC_vs_Greenwood\016__2025-09-20__TSC_vs_Greenwood__BUILD_UP_PLAY_SHOT__t1195.00-t1209.00_portrait_POST.mp4","24053850","R21:deterministic-collapse:keep-a"
"DC038E98F4CD90F28DDC2B9B72FC82A0AD6407407666C299F171C9705D2E22A0","out\atomic_clips\2025-09-20__TSC_vs_Greenwood\016__2025-09-20__TSC_vs_Greenwood__BUILD_UP_PLAY_SHOT__t71700.00-t72540.00.mp4","C:\Users\scott\soccer-video\out\atomic_clips\2025-09-20__TSC_vs_Greenwood\016__2025-09-20__TSC_vs_Greenwood__BUILD_UP_PLAY_SHOT__t71700.00-t72540.00.mp4","24053850","R21:deterministic-collapse:keep-a"
"8D8847AF61C6E139CA51C10220A3FA6DA35DA5E7A8E7D5005AE5A29ECB743DFB","out\atomic_clips\2025-09-20__TSC_vs_Greenwood\017__2025-09-20__TSC_vs_Greenwood__PRESSURE_SHOT__t1212.00-t1224.00_portrait_POST.mp4","C:\Users\scott\soccer-video\out\atomic_clips\2025-09-20__TSC_vs_Greenwood\017__2025-09-20__TSC_vs_Greenwood__PRESSURE_SHOT__t1212.00-t1224.00_portrait_POST.mp4","21381629","R21:deterministic-collapse:keep-a"
"8D8847AF61C6E139CA51C10220A3FA6DA35DA5E7A8E7D5005AE5A29ECB743DFB","out\atomic_clips\2025-09-20__TSC_vs_Greenwood\017__2025-09-20__TSC_vs_Greenwood__PRESSURE_SHOT__t72720.00-t73440.00.mp4","C:\Users\scott\soccer-video\out\atomic_clips\2025-09-20__TSC_vs_Greenwood\017__2025-09-20__TSC_vs_Greenwood__PRESSURE_SHOT__t72720.00-t73440.00.mp4","21381629","R21:deterministic-collapse:keep-a"
"43AA5467CCCF5AA692312DA63C16D63C8E8302677E7D52FBD19812F4528AC314","out\atomic_clips\2025-09-20__TSC_vs_Greenwood\018__2025-09-20__TSC_vs_Greenwood__BUILD_UP_PLAY_GOAL__t1292.00-t1329.00_portrait_POST.mp4","C:\Users\scott\soccer-video\out\atomic_clips\2025-09-20__TSC_vs_Greenwood\018__2025-09-20__TSC_vs_Greenwood__BUILD_UP_PLAY_GOAL__t1292.00-t1329.00_portrait_POST.mp4","61907669","R21:deterministic-collapse:keep-a"
"43AA5467CCCF5AA692312DA63C16D63C8E8302677E7D52FBD19812F4528AC314","out\atomic_clips\2025-09-20__TSC_vs_Greenwood\018__2025-09-20__TSC_vs_Greenwood__BUILD_UP_PLAY_GOAL__t77520.00-t79740.00.mp4","C:\Users\scott\soccer-video\out\atomic_clips\2025-09-20__TSC_vs_Greenwood\018__2025-09-20__TSC_vs_Greenwood__BUILD_UP_PLAY_GOAL__t77520.00-t79740.00.mp4","61907669","R21:deterministic-collapse:keep-a"
"F4F7690444F7807D60AE0F36F9B5FEF50B05E6C0645CB29DF47B4E575CD15D5C","out\atomic_clips\2025-09-20__TSC_vs_Greenwood\019__2025-09-20__TSC_vs_Greenwood__PRESSURE_SHOT__t1369.00-t1383.00_portrait_POST.mp4","C:\Users\scott\soccer-video\out\atomic_clips\2025-09-20__TSC_vs_Greenwood\019__2025-09-20__TSC_vs_Greenwood__PRESSURE_SHOT__t1369.00-t1383.00_portrait_POST.mp4","24648514","R21:deterministic-collapse:keep-a"
"F4F7690444F7807D60AE0F36F9B5FEF50B05E6C0645CB29DF47B4E575CD15D5C","out\atomic_clips\2025-09-20__TSC_vs_Greenwood\019__2025-09-20__TSC_vs_Greenwood__PRESSURE_SHOT__t82140.00-t82980.00.mp4","C:\Users\scott\soccer-video\out\atomic_clips\2025-09-20__TSC_vs_Greenwood\019__2025-09-20__TSC_vs_Greenwood__PRESSURE_SHOT__t82140.00-t82980.00.mp4","24648514","R21:deterministic-collapse:keep-a"
"E33F4CAD877F25BFF8A9297A36920851B4E19D040D0B970EBDF2ADB692593B26","out\atomic_clips\2025-09-20__TSC_vs_Greenwood\020__2025-09-20__TSC_vs_Greenwood__PRESSURE_SHOT__t1393.00-t1409.00_portrait_POST.mp4","C:\Users\scott\soccer-video\out\atomic_clips\2025-09-20__TSC_vs_Greenwood\020__2025-09-20__TSC_vs_Greenwood__PRESSURE_SHOT__t1393.00-t1409.00_portrait_POST.mp4","26289255","R21:deterministic-collapse:keep-a"
"E33F4CAD877F25BFF8A9297A36920851B4E19D040D0B970EBDF2ADB692593B26","out\atomic_clips\2025-09-20__TSC_vs_Greenwood\020__2025-09-20__TSC_vs_Greenwood__PRESSURE_SHOT__t83580.00-t84540.00.mp4","C:\Users\scott\soccer-video\out\atomic_clips\2025-09-20__TSC_vs_Greenwood\020__2025-09-20__TSC_vs_Greenwood__PRESSURE_SHOT__t83580.00-t84540.00.mp4","26289255","R21:deterministic-collapse:keep-a"
"3A4E6EF8B54EE0DED61103C66016051F979C87A664E59324F7EB89DF5FD8AD57","out\atomic_clips\2025-09-20__TSC_vs_Greenwood\036__2025-09-20__TSC_vs_Greenwood__PRESSURE_SHOT__t3906000.00-t3942000.00.mp4","C:\Users\scott\soccer-video\out\atomic_clips\2025-09-20__TSC_vs_Greenwood\036__2025-09-20__TSC_vs_Greenwood__PRESSURE_SHOT__t3906000.00-t3942000.00.mp4","644889","R21:deterministic-collapse:keep-a"
"3A4E6EF8B54EE0DED61103C66016051F979C87A664E59324F7EB89DF5FD8AD57","out\atomic_clips\2025-09-20__TSC_vs_Greenwood\038__2025-09-20__TSC_vs_Greenwood__PRESSURE_SHOT__t4010400.00-t4086000.00.mp4","C:\Users\scott\soccer-video\out\atomic_clips\2025-09-20__TSC_vs_Greenwood\038__2025-09-20__TSC_vs_Greenwood__PRESSURE_SHOT__t4010400.00-t4086000.00.mp4","644889","R21:deterministic-collapse:keep-a"
"FD8F77F359F9625AE0AED7D6A443541E6277A8553160FBEBEB01773A80B3A51A","out\atomic_clips\2025-09-20__TSC_vs_RVFC\006__2025-09-20__TSC_vs_RVFC__SHOT__t31020.00-t31680.00.mp4","C:\Users\scott\soccer-video\out\atomic_clips\2025-09-20__TSC_vs_RVFC\006__2025-09-20__TSC_vs_RVFC__SHOT__t31020.00-t31680.00.mp4","19100240","R21:deterministic-collapse:keep-a"
"FD8F77F359F9625AE0AED7D6A443541E6277A8553160FBEBEB01773A80B3A51A","out\atomic_clips\2025-09-20__TSC_vs_RVFC\006__2025-09-20__TSC_vs_RVFC__SHOT__t517.00-t528.00_portrait_POST.mp4","C:\Users\scott\soccer-video\out\atomic_clips\2025-09-20__TSC_vs_RVFC\006__2025-09-20__TSC_vs_RVFC__SHOT__t517.00-t528.00_portrait_POST.mp4","19100240","R21:deterministic-collapse:keep-a"
"A237CA4CEC3B664F95CB32A728498FA285C9B5CFC70F7803FE34B8DD32021BAF","out\atomic_clips\2025-09-20__TSC_vs_RVFC\007__2025-09-20__TSC_vs_RVFC__PRESSURE_GOAL__t31740.00-t32820.00.mp4","C:\Users\scott\soccer-video\out\atomic_clips\2025-09-20__TSC_vs_RVFC\007__2025-09-20__TSC_vs_RVFC__PRESSURE_GOAL__t31740.00-t32820.00.mp4","26707547","R21:deterministic-collapse:keep-a"
"A237CA4CEC3B664F95CB32A728498FA285C9B5CFC70F7803FE34B8DD32021BAF","out\atomic_clips\2025-09-20__TSC_vs_RVFC\007__2025-09-20__TSC_vs_RVFC__PRESSURE_GOAL__t529.00-t547.00_portrait_POST.mp4","C:\Users\scott\soccer-video\out\atomic_clips\2025-09-20__TSC_vs_RVFC\007__2025-09-20__TSC_vs_RVFC__PRESSURE_GOAL__t529.00-t547.00_portrait_POST.mp4","26707547","R21:deterministic-collapse:keep-a"
"3B41F66773376B3DD532B2DC769CD306E5AF1A88C2B251542EAD87B3014FBDA4","out\atomic_clips\2025-09-20__TSC_vs_RVFC\008__2025-09-20__TSC_vs_RVFC__BUILD_UP_PLAY_SHOT__t33900.00-t36000.00.mp4","C:\Users\scott\soccer-video\out\atomic_clips\2025-09-20__TSC_vs_RVFC\008__2025-09-20__TSC_vs_RVFC__BUILD_UP_PLAY_SHOT__t33900.00-t36000.00.mp4","57578989","R21:deterministic-collapse:keep-a"
"3B41F66773376B3DD532B2DC769CD306E5AF1A88C2B251542EAD87B3014FBDA4","out\atomic_clips\2025-09-20__TSC_vs_RVFC\008__2025-09-20__TSC_vs_RVFC__BUILD_UP_PLAY_SHOT__t565.00-t600.00_portrait_POST.mp4","C:\Users\scott\soccer-video\out\atomic_clips\2025-09-20__TSC_vs_RVFC\008__2025-09-20__TSC_vs_RVFC__BUILD_UP_PLAY_SHOT__t565.00-t600.00_portrait_POST.mp4","57578989","R21:deterministic-collapse:keep-a"
"1A498BE9377DC6632D1A920C33641EE6169C2B4BD7BB2D6FED6F597443AEF4BB","out\atomic_clips\2025-09-20__TSC_vs_RVFC\009__2025-09-20__TSC_vs_RVFC__PRESSURE_SHOT__t36240.00-t37200.00.mp4","C:\Users\scott\soccer-video\out\atomic_clips\2025-09-20__TSC_vs_RVFC\009__2025-09-20__TSC_vs_RVFC__PRESSURE_SHOT__t36240.00-t37200.00.mp4","29053450","R21:deterministic-collapse:keep-a"
"1A498BE9377DC6632D1A920C33641EE6169C2B4BD7BB2D6FED6F597443AEF4BB","out\atomic_clips\2025-09-20__TSC_vs_RVFC\009__2025-09-20__TSC_vs_RVFC__PRESSURE_SHOT__t604.00-t620.00_portrait_POST.mp4","C:\Users\scott\soccer-video\out\atomic_clips\2025-09-20__TSC_vs_RVFC\009__2025-09-20__TSC_vs_RVFC__PRESSURE_SHOT__t604.00-t620.00_portrait_POST.mp4","29053450","R21:deterministic-collapse:keep-a"
"5144EF3C8D244A3719B9BB38766B8B5CBD6D168A985823A03D379A7713E3A592","out\atomic_clips\2025-09-20__TSC_vs_RVFC\010__2025-09-20__TSC_vs_RVFC__PRESSURE_SHOT__t40500.00-t41340.00.mp4","C:\Users\scott\soccer-video\out\atomic_clips\2025-09-20__TSC_vs_RVFC\010__2025-09-20__TSC_vs_RVFC__PRESSURE_SHOT__t40500.00-t41340.00.mp4","22561871","R21:deterministic-collapse:keep-a"
"5144EF3C8D244A3719B9BB38766B8B5CBD6D168A985823A03D379A7713E3A592","out\atomic_clips\2025-09-20__TSC_vs_RVFC\010__2025-09-20__TSC_vs_RVFC__PRESSURE_SHOT__t675.00-t689.00_portrait_POST.mp4","C:\Users\scott\soccer-video\out\atomic_clips\2025-09-20__TSC_vs_RVFC\010__2025-09-20__TSC_vs_RVFC__PRESSURE_SHOT__t675.00-t689.00_portrait_POST.mp4","22561871","R21:deterministic-collapse:keep-a"
"B7F6A891800D01D268F3F1A93EDD9F4751E2AAC8A12DD163AF863292472A8430","out\atomic_clips\2025-09-20__TSC_vs_RVFC\011__2025-09-20__TSC_vs_RVFC__PRESSURE_SHOT__t41340.00-t42120.00.mp4","C:\Users\scott\soccer-video\out\atomic_clips\2025-09-20__TSC_vs_RVFC\011__2025-09-20__TSC_vs_RVFC__PRESSURE_SHOT__t41340.00-t42120.00.mp4","22453184","R21:deterministic-collapse:keep-a"
"B7F6A891800D01D268F3F1A93EDD9F4751E2AAC8A12DD163AF863292472A8430","out\atomic_clips\2025-09-20__TSC_vs_RVFC\011__2025-09-20__TSC_vs_RVFC__PRESSURE_SHOT__t689.00-t702.00_portrait_POST.mp4","C:\Users\scott\soccer-video\out\atomic_clips\2025-09-20__TSC_vs_RVFC\011__2025-09-20__TSC_vs_RVFC__PRESSURE_SHOT__t689.00-t702.00_portrait_POST.mp4","22453184","R21:deterministic-collapse:keep-a"
"1010B0D5BD3FD28E08145E0DD9039EA1C4C32B268ECEA3BFE3064DA43E29E994","out\atomic_clips\2025-09-20__TSC_vs_RVFC\012__2025-09-20__TSC_vs_RVFC__BUILD_UP_PLAY_SHOT__t44760.00-t45420.00.mp4","C:\Users\scott\soccer-video\out\atomic_clips\2025-09-20__TSC_vs_RVFC\012__2025-09-20__TSC_vs_RVFC__BUILD_UP_PLAY_SHOT__t44760.00-t45420.00.mp4","20627529","R21:deterministic-collapse:keep-a"
"1010B0D5BD3FD28E08145E0DD9039EA1C4C32B268ECEA3BFE3064DA43E29E994","out\atomic_clips\2025-09-20__TSC_vs_RVFC\012__2025-09-20__TSC_vs_RVFC__BUILD_UP_PLAY_SHOT__t746.00-t757.00_portrait_POST.mp4","C:\Users\scott\soccer-video\out\atomic_clips\2025-09-20__TSC_vs_RVFC\012__2025-09-20__TSC_vs_RVFC__BUILD_UP_PLAY_SHOT__t746.00-t757.00_portrait_POST.mp4","20627529","R21:deterministic-collapse:keep-a"
"A1EF7EA1814A59E8EF8992DD39745266825369EE898326F15424328A6101A092","out\atomic_clips\2025-09-20__TSC_vs_RVFC\013__2025-09-20__TSC_vs_RVFC__BUILD_UP_PLAY_SHOT__t49260.00-t51900.00.mp4","C:\Users\scott\soccer-video\out\atomic_clips\2025-09-20__TSC_vs_RVFC\013__2025-09-20__TSC_vs_RVFC__BUILD_UP_PLAY_SHOT__t49260.00-t51900.00.mp4","76926071","R21:deterministic-collapse:keep-a"
"A1EF7EA1814A59E8EF8992DD39745266825369EE898326F15424328A6101A092","out\atomic_clips\2025-09-20__TSC_vs_RVFC\013__2025-09-20__TSC_vs_RVFC__BUILD_UP_PLAY_SHOT__t821.00-t865.00_portrait_POST.mp4","C:\Users\scott\soccer-video\out\atomic_clips\2025-09-20__TSC_vs_RVFC\013__2025-09-20__TSC_vs_RVFC__BUILD_UP_PLAY_SHOT__t821.00-t865.00_portrait_POST.mp4","76926071","R21:deterministic-collapse:keep-a"
"D634E2039C1DB4E60CBE0E78CAF1B813796B5B9EB5322352227DAE313459E0FE","out\atomic_clips\2025-09-20__TSC_vs_RVFC\014__2025-09-20__TSC_vs_RVFC__DEFENSE_BUILD_UP__t52800.00-t53820.00.mp4","C:\Users\scott\soccer-video\out\atomic_clips\2025-09-20__TSC_vs_RVFC\014__2025-09-20__TSC_vs_RVFC__DEFENSE_BUILD_UP__t52800.00-t53820.00.mp4","27013008","R21:deterministic-collapse:keep-a"
"D634E2039C1DB4E60CBE0E78CAF1B813796B5B9EB5322352227DAE313459E0FE","out\atomic_clips\2025-09-20__TSC_vs_RVFC\014__2025-09-20__TSC_vs_RVFC__DEFENSE_BUILD_UP__t880.00-t897.00_portrait_POST.mp4","C:\Users\scott\soccer-video\out\atomic_clips\2025-09-20__TSC_vs_RVFC\014__2025-09-20__TSC_vs_RVFC__DEFENSE_BUILD_UP__t880.00-t897.00_portrait_POST.mp4","27013008","R21:deterministic-collapse:keep-a"
"483AB4424BD4B180080415AEB2BB7F9216CFAF4997B035E1DFCA77BAAF13AF34","out\atomic_clips\2025-09-20__TSC_vs_RVFC\015__2025-09-20__TSC_vs_RVFC__SHOT__t55800.00-t56220.00.mp4","C:\Users\scott\soccer-video\out\atomic_clips\2025-09-20__TSC_vs_RVFC\015__2025-09-20__TSC_vs_RVFC__SHOT__t55800.00-t56220.00.mp4","11726340","R21:deterministic-collapse:keep-a"
"483AB4424BD4B180080415AEB2BB7F9216CFAF4997B035E1DFCA77BAAF13AF34","out\atomic_clips\2025-09-20__TSC_vs_RVFC\015__2025-09-20__TSC_vs_RVFC__SHOT__t930.00-t937.00_portrait_POST.mp4","C:\Users\scott\soccer-video\out\atomic_clips\2025-09-20__TSC_vs_RVFC\015__2025-09-20__TSC_vs_RVFC__SHOT__t930.00-t937.00_portrait_POST.mp4","11726340","R21:deterministic-collapse:keep-a"
"4E017C7D60A3D4503D4639CF91A73887A26F27172C5D85151AA7B51D2396EA18","out\atomic_clips\2025-09-20__TSC_vs_RVFC\016__2025-09-20__TSC_vs_RVFC__BUILD_UP_PLAY_SHOT__t59940.00-t61320.00.mp4","C:\Users\scott\soccer-video\out\atomic_clips\2025-09-20__TSC_vs_RVFC\016__2025-09-20__TSC_vs_RVFC__BUILD_UP_PLAY_SHOT__t59940.00-t61320.00.mp4","35594922","R21:deterministic-collapse:keep-a"
"4E017C7D60A3D4503D4639CF91A73887A26F27172C5D85151AA7B51D2396EA18","out\atomic_clips\2025-09-20__TSC_vs_RVFC\016__2025-09-20__TSC_vs_RVFC__BUILD_UP_PLAY_SHOT__t999.00-t1022.00_portrait_POST.mp4","C:\Users\scott\soccer-video\out\atomic_clips\2025-09-20__TSC_vs_RVFC\016__2025-09-20__TSC_vs_RVFC__BUILD_UP_PLAY_SHOT__t999.00-t1022.00_portrait_POST.mp4","35594922","R21:deterministic-collapse:keep-a"
"BBA9142D7257F0EF11B613CD93C55E13AD4D5E81EBC9FE9C5C1847CB3E01BBB2","out\atomic_clips\2025-09-20__TSC_vs_RVFC\017__2025-09-20__TSC_vs_RVFC__BUILD_UP_PLAY_SHOT__t1088.00-t1124.00_portrait_POST.mp4","C:\Users\scott\soccer-video\out\atomic_clips\2025-09-20__TSC_vs_RVFC\017__2025-09-20__TSC_vs_RVFC__BUILD_UP_PLAY_SHOT__t1088.00-t1124.00_portrait_POST.mp4","52901681","R21:deterministic-collapse:keep-a"
"BBA9142D7257F0EF11B613CD93C55E13AD4D5E81EBC9FE9C5C1847CB3E01BBB2","out\atomic_clips\2025-09-20__TSC_vs_RVFC\017__2025-09-20__TSC_vs_RVFC__BUILD_UP_PLAY_SHOT__t65280.00-t67440.00.mp4","C:\Users\scott\soccer-video\out\atomic_clips\2025-09-20__TSC_vs_RVFC\017__2025-09-20__TSC_vs_RVFC__BUILD_UP_PLAY_SHOT__t65280.00-t67440.00.mp4","52901681","R21:deterministic-collapse:keep-a"
"6A9F8BF439BA3FBDD4F972AFDCEEF2AB5D61EFB3115F304F2A1648140F487BB9","out\atomic_clips\2025-09-20__TSC_vs_RVFC\018__2025-09-20__TSC_vs_RVFC__DRIBBLING_SHOT__t1147.00-t1153.00_portrait_POST.mp4","C:\Users\scott\soccer-video\out\atomic_clips\2025-09-20__TSC_vs_RVFC\018__2025-09-20__TSC_vs_RVFC__DRIBBLING_SHOT__t1147.00-t1153.00_portrait_POST.mp4","9827658","R21:deterministic-collapse:keep-a"
"6A9F8BF439BA3FBDD4F972AFDCEEF2AB5D61EFB3115F304F2A1648140F487BB9","out\atomic_clips\2025-09-20__TSC_vs_RVFC\018__2025-09-20__TSC_vs_RVFC__DRIBBLING_SHOT__t68820.00-t69180.00.mp4","C:\Users\scott\soccer-video\out\atomic_clips\2025-09-20__TSC_vs_RVFC\018__2025-09-20__TSC_vs_RVFC__DRIBBLING_SHOT__t68820.00-t69180.00.mp4","9827658","R21:deterministic-collapse:keep-a"
"AD44A6269E40C5FB598D3E699DD7776A990301505BB1B61B3F759F4BCE720B3A","out\atomic_clips\2025-09-20__TSC_vs_RVFC\019__2025-09-20__TSC_vs_RVFC__BUILD_UP_PLAY_SHOT__t1158.00-t1182.00_portrait_POST.mp4","C:\Users\scott\soccer-video\out\atomic_clips\2025-09-20__TSC_vs_RVFC\019__2025-09-20__TSC_vs_RVFC__BUILD_UP_PLAY_SHOT__t1158.00-t1182.00_portrait_POST.mp4","35353987","R21:deterministic-collapse:keep-a"
"AD44A6269E40C5FB598D3E699DD7776A990301505BB1B61B3F759F4BCE720B3A","out\atomic_clips\2025-09-20__TSC_vs_RVFC\019__2025-09-20__TSC_vs_RVFC__BUILD_UP_PLAY_SHOT__t69480.00-t70920.00.mp4","C:\Users\scott\soccer-video\out\atomic_clips\2025-09-20__TSC_vs_RVFC\019__2025-09-20__TSC_vs_RVFC__BUILD_UP_PLAY_SHOT__t69480.00-t70920.00.mp4","35353987","R21:deterministic-collapse:keep-a"
"286104BBF4A08CFBEA7B4C3F20D2173182AABAB5D325FBB160B9471E8A9AC9F5","out\atomic_clips\2025-09-20__TSC_vs_RVFC\020__2025-09-20__TSC_vs_RVFC__SHOT__t1236.00-t1243.00_portrait_POST.mp4","C:\Users\scott\soccer-video\out\atomic_clips\2025-09-20__TSC_vs_RVFC\020__2025-09-20__TSC_vs_RVFC__SHOT__t1236.00-t1243.00_portrait_POST.mp4","10663493","R21:deterministic-collapse:keep-a"
"286104BBF4A08CFBEA7B4C3F20D2173182AABAB5D325FBB160B9471E8A9AC9F5","out\atomic_clips\2025-09-20__TSC_vs_RVFC\020__2025-09-20__TSC_vs_RVFC__SHOT__t74160.00-t74580.00.mp4","C:\Users\scott\soccer-video\out\atomic_clips\2025-09-20__TSC_vs_RVFC\020__2025-09-20__TSC_vs_RVFC__SHOT__t74160.00-t74580.00.mp4","10663493","R21:deterministic-collapse:keep-a"
"5DF4F553AAFF896E616062ED6F4EB78DED9E913F6A4CD269EAE38091CC377F44","out\atomic_clips\2025-09-20__TSC_vs_RVFC\021__2025-09-20__TSC_vs_RVFC__CROSS__t1275.00-t1293.00_portrait_POST.mp4","C:\Users\scott\soccer-video\out\atomic_clips\2025-09-20__TSC_vs_RVFC\021__2025-09-20__TSC_vs_RVFC__CROSS__t1275.00-t1293.00_portrait_POST.mp4","26527338","R21:deterministic-collapse:keep-a"
"5DF4F553AAFF896E616062ED6F4EB78DED9E913F6A4CD269EAE38091CC377F44","out\atomic_clips\2025-09-20__TSC_vs_RVFC\021__2025-09-20__TSC_vs_RVFC__CROSS__t76500.00-t77580.00.mp4","C:\Users\scott\soccer-video\out\atomic_clips\2025-09-20__TSC_vs_RVFC\021__2025-09-20__TSC_vs_RVFC__CROSS__t76500.00-t77580.00.mp4","26527338","R21:deterministic-collapse:keep-a"
"6716E449C45C0E215E4A4B457D17084FD4906B5C994F012EFEB9F61913982978","out\atomic_clips\2025-09-20__TSC_vs_RVFC\022__2025-09-20__TSC_vs_RVFC__PRESSURE_SHOT__t1300.00-t1310.00_portrait_POST.mp4","C:\Users\scott\soccer-video\out\atomic_clips\2025-09-20__TSC_vs_RVFC\022__2025-09-20__TSC_vs_RVFC__PRESSURE_SHOT__t1300.00-t1310.00_portrait_POST.mp4","15486106","R21:deterministic-collapse:keep-a"
"6716E449C45C0E215E4A4B457D17084FD4906B5C994F012EFEB9F61913982978","out\atomic_clips\2025-09-20__TSC_vs_RVFC\022__2025-09-20__TSC_vs_RVFC__PRESSURE_SHOT__t78000.00-t78600.00.mp4","C:\Users\scott\soccer-video\out\atomic_clips\2025-09-20__TSC_vs_RVFC\022__2025-09-20__TSC_vs_RVFC__PRESSURE_SHOT__t78000.00-t78600.00.mp4","15486106","R21:deterministic-collapse:keep-a"
"6C783CB465C934BA830A9E0C87C34BE261FF2465099537BA16AEF601A24D2821","out\atomic_clips\2025-09-20__TSC_vs_RVFC\023__2025-09-20__TSC_vs_RVFC__PRESSURE_SHOT__t1316.00-t1329.00_portrait_POST.mp4","C:\Users\scott\soccer-video\out\atomic_clips\2025-09-20__TSC_vs_RVFC\023__2025-09-20__TSC_vs_RVFC__PRESSURE_SHOT__t1316.00-t1329.00_portrait_POST.mp4","23449084","R21:deterministic-collapse:keep-a"
"6C783CB465C934BA830A9E0C87C34BE261FF2465099537BA16AEF601A24D2821","out\atomic_clips\2025-09-20__TSC_vs_RVFC\023__2025-09-20__TSC_vs_RVFC__PRESSURE_SHOT__t78960.00-t79740.00.mp4","C:\Users\scott\soccer-video\out\atomic_clips\2025-09-20__TSC_vs_RVFC\023__2025-09-20__TSC_vs_RVFC__PRESSURE_SHOT__t78960.00-t79740.00.mp4","23449084","R21:deterministic-collapse:keep-a"
"470433646FB4E65888A733ED591E6729B8733ECE6D302EFBBD38887B8E952880","out\atomic_clips\2025-09-20__TSC_vs_RVFC\024__2025-09-20__TSC_vs_RVFC__FREE_KICK__t1402.00-t1421.00_portrait_POST.mp4","C:\Users\scott\soccer-video\out\atomic_clips\2025-09-20__TSC_vs_RVFC\024__2025-09-20__TSC_vs_RVFC__FREE_KICK__t1402.00-t1421.00_portrait_POST.mp4","31602242","R21:deterministic-collapse:keep-a"
"470433646FB4E65888A733ED591E6729B8733ECE6D302EFBBD38887B8E952880","out\atomic_clips\2025-09-20__TSC_vs_RVFC\024__2025-09-20__TSC_vs_RVFC__FREE_KICK__t84120.00-t85260.00.mp4","C:\Users\scott\soccer-video\out\atomic_clips\2025-09-20__TSC_vs_RVFC\024__2025-09-20__TSC_vs_RVFC__FREE_KICK__t84120.00-t85260.00.mp4","31602242","R21:deterministic-collapse:keep-a"
"697A80B4D2F36FC9D90D54317F0AFEC380B196F21A6056F9933DB06683FBC62E","out\atomic_clips\2025-09-20__TSC_vs_RVFC\041__2025-09-20__TSC_vs_RVFC__CORNER__t3931200.00-t3967200.00.mp4","C:\Users\scott\soccer-video\out\atomic_clips\2025-09-20__TSC_vs_RVFC\041__2025-09-20__TSC_vs_RVFC__CORNER__t3931200.00-t3967200.00.mp4","261","R21:deterministic-collapse:keep-portrait_export"
"697A80B4D2F36FC9D90D54317F0AFEC380B196F21A6056F9933DB06683FBC62E","out\atomic_clips\2025-09-20__TSC_vs_RVFC\042__2025-09-20__TSC_vs_RVFC__CORNER__t3992400.00-t4057200.00.mp4","C:\Users\scott\soccer-video\out\atomic_clips\2025-09-20__TSC_vs_RVFC\042__2025-09-20__TSC_vs_RVFC__CORNER__t3992400.00-t4057200.00.mp4","261","R21:deterministic-collapse:keep-portrait_export"
"697A80B4D2F36FC9D90D54317F0AFEC380B196F21A6056F9933DB06683FBC62E","out\atomic_clips\2025-10-04__TSC_vs_FC\006__2025-10-04__TSC_vs_FC_Tulsa_Black__BUILD_UP_GOAL__t40440.00-t43020.00.mp4","C:\Users\scott\soccer-video\out\atomic_clips\2025-10-04__TSC_vs_FC\006__2025-10-04__TSC_vs_FC_Tulsa_Black__BUILD_UP_GOAL__t40440.00-t43020.00.mp4","261","R21:deterministic-collapse:keep-portrait_export"
"697A80B4D2F36FC9D90D54317F0AFEC380B196F21A6056F9933DB06683FBC62E","out\reels\portrait_1080x1920\001__2025-09-20__TSC_vs_Greenwood__BUILD_UP_PLAY_SHOT__t18900.00-t20340.00.mp4","C:\Users\scott\soccer-video\out\reels\portrait_1080x1920\001__2025-09-20__TSC_vs_Greenwood__BUILD_UP_PLAY_SHOT__t18900.00-t20340.00.mp4","261","R21:deterministic-collapse:keep-portrait_export"
"697A80B4D2F36FC9D90D54317F0AFEC380B196F21A6056F9933DB06683FBC62E","out\reels\portrait_1080x1920\001__2025-10-04__TSC_vs_FC_Tulsa_Black__DRIBBLING__t23220.00-t24720.00.mp4","C:\Users\scott\soccer-video\out\reels\portrait_1080x1920\001__2025-10-04__TSC_vs_FC_Tulsa_Black__DRIBBLING__t23220.00-t24720.00.mp4","261","R21:deterministic-collapse:keep-portrait_export"
"697A80B4D2F36FC9D90D54317F0AFEC380B196F21A6056F9933DB06683FBC62E","out\reels\portrait_1080x1920\002__2025-09-20__TSC_vs_Greenwood__GOAL__t20400.00-t21180.00.mp4","C:\Users\scott\soccer-video\out\reels\portrait_1080x1920\002__2025-09-20__TSC_vs_Greenwood__GOAL__t20400.00-t21180.00.mp4","261","R21:deterministic-collapse:keep-portrait_export"
"697A80B4D2F36FC9D90D54317F0AFEC380B196F21A6056F9933DB06683FBC62E","out\reels\portrait_1080x1920\002__2025-09-20__TSC_vs_RVFC__PRESSURE_SHOT__t7920.00-t8880.00.mp4","C:\Users\scott\soccer-video\out\reels\portrait_1080x1920\002__2025-09-20__TSC_vs_RVFC__PRESSURE_SHOT__t7920.00-t8880.00.mp4","261","R21:deterministic-collapse:keep-portrait_export"
"697A80B4D2F36FC9D90D54317F0AFEC380B196F21A6056F9933DB06683FBC62E","out\reels\portrait_1080x1920\002__2025-10-04__TSC_vs_FC_Tulsa_Black__BUILD_UP__t25260.00-t26940.00.mp4","C:\Users\scott\soccer-video\out\reels\portrait_1080x1920\002__2025-10-04__TSC_vs_FC_Tulsa_Black__BUILD_UP__t25260.00-t26940.00.mp4","261","R21:deterministic-collapse:keep-portrait_export"
"697A80B4D2F36FC9D90D54317F0AFEC380B196F21A6056F9933DB06683FBC62E","out\reels\portrait_1080x1920\003__2025-09-20__TSC_vs_Greenwood__BUILD_UP_PLAY_SHOT__t25260.00-t26460.00.mp4","C:\Users\scott\soccer-video\out\reels\portrait_1080x1920\003__2025-09-20__TSC_vs_Greenwood__BUILD_UP_PLAY_SHOT__t25260.00-t26460.00.mp4","261","R21:deterministic-collapse:keep-portrait_export"
"697A80B4D2F36FC9D90D54317F0AFEC380B196F21A6056F9933DB06683FBC62E","out\reels\portrait_1080x1920\003__2025-09-20__TSC_vs_RVFC__PRESSURE_SHOT__t15480.00-t16260.00.mp4","C:\Users\scott\soccer-video\out\reels\portrait_1080x1920\003__2025-09-20__TSC_vs_RVFC__PRESSURE_SHOT__t15480.00-t16260.00.mp4","261","R21:deterministic-collapse:keep-portrait_export"
"697A80B4D2F36FC9D90D54317F0AFEC380B196F21A6056F9933DB06683FBC62E","out\reels\portrait_1080x1920\003__2025-10-04__TSC_vs_FC_Tulsa_Black__BUILD_UP__t27480.00-t29220.00.mp4","C:\Users\scott\soccer-video\out\reels\portrait_1080x1920\003__2025-10-04__TSC_vs_FC_Tulsa_Black__BUILD_UP__t27480.00-t29220.00.mp4","261","R21:deterministic-collapse:keep-portrait_export"
"697A80B4D2F36FC9D90D54317F0AFEC380B196F21A6056F9933DB06683FBC62E","out\reels\portrait_1080x1920\004__2025-09-20__TSC_vs_Greenwood__PRESSURE_TWO_SHOTS__t26640.00-t27360.00.mp4","C:\Users\scott\soccer-video\out\reels\portrait_1080x1920\004__2025-09-20__TSC_vs_Greenwood__PRESSURE_TWO_SHOTS__t26640.00-t27360.00.mp4","261","R21:deterministic-collapse:keep-portrait_export"
"697A80B4D2F36FC9D90D54317F0AFEC380B196F21A6056F9933DB06683FBC62E","out\reels\portrait_1080x1920\004__2025-09-20__TSC_vs_RVFC__PRESSURE_GOAL__t17880.00-t18720.00.mp4","C:\Users\scott\soccer-video\out\reels\portrait_1080x1920\004__2025-09-20__TSC_vs_RVFC__PRESSURE_GOAL__t17880.00-t18720.00.mp4","261","R21:deterministic-collapse:keep-portrait_export"
"697A80B4D2F36FC9D90D54317F0AFEC380B196F21A6056F9933DB06683FBC62E","out\reels\portrait_1080x1920\004__2025-10-04__TSC_vs_FC_Tulsa_Black__BUILD_UP__t29700.00-t30780.00.mp4","C:\Users\scott\soccer-video\out\reels\portrait_1080x1920\004__2025-10-04__TSC_vs_FC_Tulsa_Black__BUILD_UP__t29700.00-t30780.00.mp4","261","R21:deterministic-collapse:keep-portrait_export"
"697A80B4D2F36FC9D90D54317F0AFEC380B196F21A6056F9933DB06683FBC62E","out\reels\portrait_1080x1920\005__2025-09-20__TSC_vs_Greenwood__WIN_FREE_KICK__t32280.00-t33180.00.mp4","C:\Users\scott\soccer-video\out\reels\portrait_1080x1920\005__2025-09-20__TSC_vs_Greenwood__WIN_FREE_KICK__t32280.00-t33180.00.mp4","261","R21:deterministic-collapse:keep-portrait_export"
"697A80B4D2F36FC9D90D54317F0AFEC380B196F21A6056F9933DB06683FBC62E","out\reels\portrait_1080x1920\005__2025-09-20__TSC_vs_RVFC__BUILD_UP_PLAY_SHOT__t21000.00-t22020.00.mp4","C:\Users\scott\soccer-video\out\reels\portrait_1080x1920\005__2025-09-20__TSC_vs_RVFC__BUILD_UP_PLAY_SHOT__t21000.00-t22020.00.mp4","261","R21:deterministic-collapse:keep-portrait_export"
"697A80B4D2F36FC9D90D54317F0AFEC380B196F21A6056F9933DB06683FBC62E","out\reels\portrait_1080x1920\005__2025-10-04__TSC_vs_FC_Tulsa_Black__SHOT__t36000.00-t36420.00.mp4","C:\Users\scott\soccer-video\out\reels\portrait_1080x1920\005__2025-10-04__TSC_vs_FC_Tulsa_Black__SHOT__t36000.00-t36420.00.mp4","261","R21:deterministic-collapse:keep-portrait_export"
"697A80B4D2F36FC9D90D54317F0AFEC380B196F21A6056F9933DB06683FBC62E","out\reels\portrait_1080x1920\006__2025-09-20__TSC_vs_Greenwood__BUILD_UP_PLAY_SHOT__t41100.00-t42480.00.mp4","C:\Users\scott\soccer-video\out\reels\portrait_1080x1920\006__2025-09-20__TSC_vs_Greenwood__BUILD_UP_PLAY_SHOT__t41100.00-t42480.00.mp4","261","R21:deterministic-collapse:keep-portrait_export"
"697A80B4D2F36FC9D90D54317F0AFEC380B196F21A6056F9933DB06683FBC62E","out\reels\portrait_1080x1920\006__2025-09-20__TSC_vs_RVFC__SHOT__t31020.00-t31680.00.mp4","C:\Users\scott\soccer-video\out\reels\portrait_1080x1920\006__2025-09-20__TSC_vs_RVFC__SHOT__t31020.00-t31680.00.mp4","261","R21:deterministic-collapse:keep-portrait_export"
"697A80B4D2F36FC9D90D54317F0AFEC380B196F21A6056F9933DB06683FBC62E","out\reels\portrait_1080x1920\006__2025-10-04__TSC_vs_FC_Tulsa_Black__BUILD_UP_GOAL__t40440.00-t43020.00.mp4","C:\Users\scott\soccer-video\out\reels\portrait_1080x1920\006__2025-10-04__TSC_vs_FC_Tulsa_Black__BUILD_UP_GOAL__t40440.00-t43020.00.mp4","261","R21:deterministic-collapse:keep-portrait_export"
"697A80B4D2F36FC9D90D54317F0AFEC380B196F21A6056F9933DB06683FBC62E","out\reels\portrait_1080x1920\007__2025-09-20__TSC_vs_Greenwood__DRIBBLING_SHOT__t44340.00-t45120.00.mp4","C:\Users\scott\soccer-video\out\reels\portrait_1080x1920\007__2025-09-20__TSC_vs_Greenwood__DRIBBLING_SHOT__t44340.00-t45120.00.mp4","261","R21:deterministic-collapse:keep-portrait_export"
"697A80B4D2F36FC9D90D54317F0AFEC380B196F21A6056F9933DB06683FBC62E","out\reels\portrait_1080x1920\007__2025-09-20__TSC_vs_RVFC__PRESSURE_GOAL__t31740.00-t32820.00.mp4","C:\Users\scott\soccer-video\out\reels\portrait_1080x1920\007__2025-09-20__TSC_vs_RVFC__PRESSURE_GOAL__t31740.00-t32820.00.mp4","261","R21:deterministic-collapse:keep-portrait_export"
"697A80B4D2F36FC9D90D54317F0AFEC380B196F21A6056F9933DB06683FBC62E","out\reels\portrait_1080x1920\007__2025-10-04__TSC_vs_FC_Tulsa_Black__BUILD_UP_SHOT__t46020.00-t47100.00.mp4","C:\Users\scott\soccer-video\out\reels\portrait_1080x1920\007__2025-10-04__TSC_vs_FC_Tulsa_Black__BUILD_UP_SHOT__t46020.00-t47100.00.mp4","261","R21:deterministic-collapse:keep-portrait_export"
"697A80B4D2F36FC9D90D54317F0AFEC380B196F21A6056F9933DB06683FBC62E","out\reels\portrait_1080x1920\008__2025-09-20__TSC_vs_Greenwood__PRESSURE_SHOT__t45240.00-t46980.00.mp4","C:\Users\scott\soccer-video\out\reels\portrait_1080x1920\008__2025-09-20__TSC_vs_Greenwood__PRESSURE_SHOT__t45240.00-t46980.00.mp4","261","R21:deterministic-collapse:keep-portrait_export"
"697A80B4D2F36FC9D90D54317F0AFEC380B196F21A6056F9933DB06683FBC62E","out\reels\portrait_1080x1920\008__2025-09-20__TSC_vs_RVFC__BUILD_UP_PLAY_SHOT__t33900.00-t36000.00.mp4","C:\Users\scott\soccer-video\out\reels\portrait_1080x1920\008__2025-09-20__TSC_vs_RVFC__BUILD_UP_PLAY_SHOT__t33900.00-t36000.00.mp4","261","R21:deterministic-collapse:keep-portrait_export"
"697A80B4D2F36FC9D90D54317F0AFEC380B196F21A6056F9933DB06683FBC62E","out\reels\portrait_1080x1920\009__2025-09-20__TSC_vs_Greenwood__PRESSURE_SHOT__t48120.00-t49080.00.mp4","C:\Users\scott\soccer-video\out\reels\portrait_1080x1920\009__2025-09-20__TSC_vs_Greenwood__PRESSURE_SHOT__t48120.00-t49080.00.mp4","261","R21:deterministic-collapse:keep-portrait_export"
"697A80B4D2F36FC9D90D54317F0AFEC380B196F21A6056F9933DB06683FBC62E","out\reels\portrait_1080x1920\009__2025-09-20__TSC_vs_RVFC__PRESSURE_SHOT__t36240.00-t37200.00.mp4","C:\Users\scott\soccer-video\out\reels\portrait_1080x1920\009__2025-09-20__TSC_vs_RVFC__PRESSURE_SHOT__t36240.00-t37200.00.mp4","261","R21:deterministic-collapse:keep-portrait_export"
"697A80B4D2F36FC9D90D54317F0AFEC380B196F21A6056F9933DB06683FBC62E","out\reels\portrait_1080x1920\010__2025-09-20__TSC_vs_Greenwood__DEFENSE_BUILD_UP__t49260.00-t50880.00.mp4","C:\Users\scott\soccer-video\out\reels\portrait_1080x1920\010__2025-09-20__TSC_vs_Greenwood__DEFENSE_BUILD_UP__t49260.00-t50880.00.mp4","261","R21:deterministic-collapse:keep-portrait_export"
"697A80B4D2F36FC9D90D54317F0AFEC380B196F21A6056F9933DB06683FBC62E","out\reels\portrait_1080x1920\010__2025-09-20__TSC_vs_RVFC__PRESSURE_SHOT__t40500.00-t41340.00.mp4","C:\Users\scott\soccer-video\out\reels\portrait_1080x1920\010__2025-09-20__TSC_vs_RVFC__PRESSURE_SHOT__t40500.00-t41340.00.mp4","261","R21:deterministic-collapse:keep-portrait_export"
"697A80B4D2F36FC9D90D54317F0AFEC380B196F21A6056F9933DB06683FBC62E","out\reels\portrait_1080x1920\011__2025-09-20__TSC_vs_RVFC__PRESSURE_SHOT__t41340.00-t42120.00.mp4","C:\Users\scott\soccer-video\out\reels\portrait_1080x1920\011__2025-09-20__TSC_vs_RVFC__PRESSURE_SHOT__t41340.00-t42120.00.mp4","261","R21:deterministic-collapse:keep-portrait_export"
"697A80B4D2F36FC9D90D54317F0AFEC380B196F21A6056F9933DB06683FBC62E","out\reels\portrait_1080x1920\012__2025-09-20__TSC_vs_RVFC__BUILD_UP_PLAY_SHOT__t44760.00-t45420.00.mp4","C:\Users\scott\soccer-video\out\reels\portrait_1080x1920\012__2025-09-20__TSC_vs_RVFC__BUILD_UP_PLAY_SHOT__t44760.00-t45420.00.mp4","261","R21:deterministic-collapse:keep-portrait_export"
"697A80B4D2F36FC9D90D54317F0AFEC380B196F21A6056F9933DB06683FBC62E","out\reels\portrait_1080x1920\013__2025-09-20__TSC_vs_RVFC__BUILD_UP_PLAY_SHOT__t49260.00-t51900.00.mp4","C:\Users\scott\soccer-video\out\reels\portrait_1080x1920\013__2025-09-20__TSC_vs_RVFC__BUILD_UP_PLAY_SHOT__t49260.00-t51900.00.mp4","261","R21:deterministic-collapse:keep-portrait_export"
"5CCD6C2392E37DB4414BBF3CAC5B98E89D2FDC839DA498A7239F278531725256","out\atomic_clips\2025-10-04__TSC_vs_FC\001__2025-10-04__TSC_vs_FC_Tulsa_Black__DRIBBLING__t23220.00-t24720.00.mp4","C:\Users\scott\soccer-video\out\atomic_clips\2025-10-04__TSC_vs_FC\001__2025-10-04__TSC_vs_FC_Tulsa_Black__DRIBBLING__t23220.00-t24720.00.mp4","39480964","R21:deterministic-collapse:keep-a"
"5CCD6C2392E37DB4414BBF3CAC5B98E89D2FDC839DA498A7239F278531725256","out\atomic_clips\2025-10-04__TSC_vs_FC\001__2025-10-04__TSC_vs_FC_Tulsa_Black__DRIBBLING__t387-t412.mp4","C:\Users\scott\soccer-video\out\atomic_clips\2025-10-04__TSC_vs_FC\001__2025-10-04__TSC_vs_FC_Tulsa_Black__DRIBBLING__t387-t412.mp4","39480964","R21:deterministic-collapse:keep-a"
"1277A422DD1FCE20C6DD5264F4A7541DB4AD4DD508989D0338871D4ECEEC2A80","out\follow_diag\004__PRESSURE__t640.00-t663.00\shift_sweep\004__PRESSURE__t640.00-t663.00.__OVERLAY_shift-1.mp4","C:\Users\scott\soccer-video\out\follow_diag\004__PRESSURE__t640.00-t663.00\shift_sweep\004__PRESSURE__t640.00-t663.00.__OVERLAY_shift-1.mp4","67539367","R21:deterministic-collapse:keep-atomic_clips"
"1277A422DD1FCE20C6DD5264F4A7541DB4AD4DD508989D0338871D4ECEEC2A80","out\follow_diag\004__PRESSURE__t640.00-t663.00\shift_sweep\004__PRESSURE__t640.00-t663.00.__OVERLAY_shift-2.mp4","C:\Users\scott\soccer-video\out\follow_diag\004__PRESSURE__t640.00-t663.00\shift_sweep\004__PRESSURE__t640.00-t663.00.__OVERLAY_shift-2.mp4","67539367","R21:deterministic-collapse:keep-atomic_clips"
"1277A422DD1FCE20C6DD5264F4A7541DB4AD4DD508989D0338871D4ECEEC2A80","out\follow_diag\004__PRESSURE__t640.00-t663.00\shift_sweep\004__PRESSURE__t640.00-t663.00.__OVERLAY_shift-3.mp4","C:\Users\scott\soccer-video\out\follow_diag\004__PRESSURE__t640.00-t663.00\shift_sweep\004__PRESSURE__t640.00-t663.00.__OVERLAY_shift-3.mp4","67539367","R21:deterministic-collapse:keep-atomic_clips"
"1277A422DD1FCE20C6DD5264F4A7541DB4AD4DD508989D0338871D4ECEEC2A80","out\follow_diag\004__PRESSURE__t640.00-t663.00\shift_sweep\004__PRESSURE__t640.00-t663.00.__OVERLAY_shift-4.mp4","C:\Users\scott\soccer-video\out\follow_diag\004__PRESSURE__t640.00-t663.00\shift_sweep\004__PRESSURE__t640.00-t663.00.__OVERLAY_shift-4.mp4","67539367","R21:deterministic-collapse:keep-atomic_clips"
"1277A422DD1FCE20C6DD5264F4A7541DB4AD4DD508989D0338871D4ECEEC2A80","out\follow_diag\004__PRESSURE__t640.00-t663.00\shift_sweep\004__PRESSURE__t640.00-t663.00.__OVERLAY_shift-5.mp4","C:\Users\scott\soccer-video\out\follow_diag\004__PRESSURE__t640.00-t663.00\shift_sweep\004__PRESSURE__t640.00-t663.00.__OVERLAY_shift-5.mp4","67539367","R21:deterministic-collapse:keep-atomic_clips"
"1277A422DD1FCE20C6DD5264F4A7541DB4AD4DD508989D0338871D4ECEEC2A80","out\follow_diag\004__PRESSURE__t640.00-t663.00\shift_sweep\004__PRESSURE__t640.00-t663.00.__OVERLAY_shift-6.mp4","C:\Users\scott\soccer-video\out\follow_diag\004__PRESSURE__t640.00-t663.00\shift_sweep\004__PRESSURE__t640.00-t663.00.__OVERLAY_shift-6.mp4","67539367","R21:deterministic-collapse:keep-atomic_clips"
"1277A422DD1FCE20C6DD5264F4A7541DB4AD4DD508989D0338871D4ECEEC2A80","out\follow_diag\004__PRESSURE__t640.00-t663.00\shift_sweep\004__PRESSURE__t640.00-t663.00.__OVERLAY_shift-7.mp4","C:\Users\scott\soccer-video\out\follow_diag\004__PRESSURE__t640.00-t663.00\shift_sweep\004__PRESSURE__t640.00-t663.00.__OVERLAY_shift-7.mp4","67539367","R21:deterministic-collapse:keep-atomic_clips"
"1277A422DD1FCE20C6DD5264F4A7541DB4AD4DD508989D0338871D4ECEEC2A80","out\follow_diag\004__PRESSURE__t640.00-t663.00\shift_sweep\004__PRESSURE__t640.00-t663.00.__OVERLAY_shift-8.mp4","C:\Users\scott\soccer-video\out\follow_diag\004__PRESSURE__t640.00-t663.00\shift_sweep\004__PRESSURE__t640.00-t663.00.__OVERLAY_shift-8.mp4","67539367","R21:deterministic-collapse:keep-atomic_clips"
"1277A422DD1FCE20C6DD5264F4A7541DB4AD4DD508989D0338871D4ECEEC2A80","out\follow_diag\004__PRESSURE__t640.00-t663.00\shift_sweep\004__PRESSURE__t640.00-t663.00.__OVERLAY_shift0.mp4","C:\Users\scott\soccer-video\out\follow_diag\004__PRESSURE__t640.00-t663.00\shift_sweep\004__PRESSURE__t640.00-t663.00.__OVERLAY_shift0.mp4","67539367","R21:deterministic-collapse:keep-atomic_clips"
"1277A422DD1FCE20C6DD5264F4A7541DB4AD4DD508989D0338871D4ECEEC2A80","out\follow_diag\004__PRESSURE__t640.00-t663.00\shift_sweep\004__PRESSURE__t640.00-t663.00.__OVERLAY_shift1.mp4","C:\Users\scott\soccer-video\out\follow_diag\004__PRESSURE__t640.00-t663.00\shift_sweep\004__PRESSURE__t640.00-t663.00.__OVERLAY_shift1.mp4","67539367","R21:deterministic-collapse:keep-atomic_clips"
"1277A422DD1FCE20C6DD5264F4A7541DB4AD4DD508989D0338871D4ECEEC2A80","out\follow_diag\004__PRESSURE__t640.00-t663.00\shift_sweep\004__PRESSURE__t640.00-t663.00.__OVERLAY_shift2.mp4","C:\Users\scott\soccer-video\out\follow_diag\004__PRESSURE__t640.00-t663.00\shift_sweep\004__PRESSURE__t640.00-t663.00.__OVERLAY_shift2.mp4","67539367","R21:deterministic-collapse:keep-atomic_clips"
"1277A422DD1FCE20C6DD5264F4A7541DB4AD4DD508989D0338871D4ECEEC2A80","out\follow_diag\004__PRESSURE__t640.00-t663.00\shift_sweep\004__PRESSURE__t640.00-t663.00.__OVERLAY_shift3.mp4","C:\Users\scott\soccer-video\out\follow_diag\004__PRESSURE__t640.00-t663.00\shift_sweep\004__PRESSURE__t640.00-t663.00.__OVERLAY_shift3.mp4","67539367","R21:deterministic-collapse:keep-atomic_clips"
"1277A422DD1FCE20C6DD5264F4A7541DB4AD4DD508989D0338871D4ECEEC2A80","out\follow_diag\004__PRESSURE__t640.00-t663.00\shift_sweep\004__PRESSURE__t640.00-t663.00.__OVERLAY_shift4.mp4","C:\Users\scott\soccer-video\out\follow_diag\004__PRESSURE__t640.00-t663.00\shift_sweep\004__PRESSURE__t640.00-t663.00.__OVERLAY_shift4.mp4","67539367","R21:deterministic-collapse:keep-atomic_clips"
"1277A422DD1FCE20C6DD5264F4A7541DB4AD4DD508989D0338871D4ECEEC2A80","out\follow_diag\004__PRESSURE__t640.00-t663.00\shift_sweep\004__PRESSURE__t640.00-t663.00.__OVERLAY_shift5.mp4","C:\Users\scott\soccer-video\out\follow_diag\004__PRESSURE__t640.00-t663.00\shift_sweep\004__PRESSURE__t640.00-t663.00.__OVERLAY_shift5.mp4","67539367","R21:deterministic-collapse:keep-atomic_clips"
"1277A422DD1FCE20C6DD5264F4A7541DB4AD4DD508989D0338871D4ECEEC2A80","out\follow_diag\004__PRESSURE__t640.00-t663.00\shift_sweep\004__PRESSURE__t640.00-t663.00.__OVERLAY_shift6.mp4","C:\Users\scott\soccer-video\out\follow_diag\004__PRESSURE__t640.00-t663.00\shift_sweep\004__PRESSURE__t640.00-t663.00.__OVERLAY_shift6.mp4","67539367","R21:deterministic-collapse:keep-atomic_clips"
"1277A422DD1FCE20C6DD5264F4A7541DB4AD4DD508989D0338871D4ECEEC2A80","out\follow_diag\004__PRESSURE__t640.00-t663.00\shift_sweep\004__PRESSURE__t640.00-t663.00.__OVERLAY_shift7.mp4","C:\Users\scott\soccer-video\out\follow_diag\004__PRESSURE__t640.00-t663.00\shift_sweep\004__PRESSURE__t640.00-t663.00.__OVERLAY_shift7.mp4","67539367","R21:deterministic-collapse:keep-atomic_clips"
"1277A422DD1FCE20C6DD5264F4A7541DB4AD4DD508989D0338871D4ECEEC2A80","out\follow_diag\004__PRESSURE__t640.00-t663.00\shift_sweep\004__PRESSURE__t640.00-t663.00.__OVERLAY_shift8.mp4","C:\Users\scott\soccer-video\out\follow_diag\004__PRESSURE__t640.00-t663.00\shift_sweep\004__PRESSURE__t640.00-t663.00.__OVERLAY_shift8.mp4","67539367","R21:deterministic-collapse:keep-atomic_clips"
"A2FAA10DD6E7F9A2CFE59F457278983F5CAA678826C87BB543870041C9F980E5","out\atomic_clips\2025-10-12__TSC_SLSG_FallFestival\004__PRESSURE__t640.00-t663.00.__SMOOTH_AUTO.mp4","C:\Users\scott\soccer-video\out\atomic_clips\2025-10-12__TSC_SLSG_FallFestival\004__PRESSURE__t640.00-t663.00.__SMOOTH_AUTO.mp4","31750681","R21:deterministic-collapse:keep-portrait_export"
"5F9A61F3E3E6EE7F5893928841F77720D4F2FD614AA5CDC98F9AC614F9FF091D","out\branded_clips\REELS\2025-09-20__TSC_vs_Greenwood\015__2025-09-20__TSC_vs_Greenwood__SHOT__t1081.00-t1088.00_portrait_POST__REEL.mp4","C:\Users\scott\soccer-video\out\branded_clips\REELS\2025-09-20__TSC_vs_Greenwood\015__2025-09-20__TSC_vs_Greenwood__SHOT__t1081.00-t1088.00_portrait_POST__REEL.mp4","11326468","R21:deterministic-collapse:keep-p"
"5F9A61F3E3E6EE7F5893928841F77720D4F2FD614AA5CDC98F9AC614F9FF091D","out\branded_clips\REELS\2025-09-20__TSC_vs_Greenwood\015__2025-09-20__TSC_vs_Greenwood__SHOT__t64860.00-t65280.00__REEL.mp4","C:\Users\scott\soccer-video\out\branded_clips\REELS\2025-09-20__TSC_vs_Greenwood\015__2025-09-20__TSC_vs_Greenwood__SHOT__t64860.00-t65280.00__REEL.mp4","11326468","R21:deterministic-collapse:keep-p"
"9446C534413390627EF1D1E8BB1AA59FF60C847A793CA16F03452E4AB424FC06","out\follow_diag\004__PRESSURE__t640.00-t663.00\seg1.mp4","C:\Users\scott\soccer-video\out\follow_diag\004__PRESSURE__t640.00-t663.00\seg1.mp4","18954072","R21:deterministic-collapse:keep-f"
"9446C534413390627EF1D1E8BB1AA59FF60C847A793CA16F03452E4AB424FC06","out\follow_diag\004__PRESSURE__t640.00-t663.00\seg2.mp4","C:\Users\scott\soccer-video\out\follow_diag\004__PRESSURE__t640.00-t663.00\seg2.mp4","18954072","R21:deterministic-collapse:keep-f"
"9446C534413390627EF1D1E8BB1AA59FF60C847A793CA16F03452E4AB424FC06","out\follow_diag\004__PRESSURE__t640.00-t663.00\seg3.mp4","C:\Users\scott\soccer-video\out\follow_diag\004__PRESSURE__t640.00-t663.00\seg3.mp4","18954072","R21:deterministic-collapse:keep-f"
"F7D9AC9B1FBAB462204C737B30B5B1D2FFBB434E988AA4D76E49EA07B5C155D2","out\follow_diag\004__PRESSURE__t640.00-t663.00\seg1.__OVERLAY.mp4","C:\Users\scott\soccer-video\out\follow_diag\004__PRESSURE__t640.00-t663.00\seg1.__OVERLAY.mp4","21678649","R21:deterministic-collapse:keep-f"
"F7D9AC9B1FBAB462204C737B30B5B1D2FFBB434E988AA4D76E49EA07B5C155D2","out\follow_diag\004__PRESSURE__t640.00-t663.00\seg2.__OVERLAY.mp4","C:\Users\scott\soccer-video\out\follow_diag\004__PRESSURE__t640.00-t663.00\seg2.__OVERLAY.mp4","21678649","R21:deterministic-collapse:keep-f"
"F7D9AC9B1FBAB462204C737B30B5B1D2FFBB434E988AA4D76E49EA07B5C155D2","out\follow_diag\004__PRESSURE__t640.00-t663.00\seg3.__OVERLAY.mp4","C:\Users\scott\soccer-video\out\follow_diag\004__PRESSURE__t640.00-t663.00\seg3.__OVERLAY.mp4","21678649","R21:deterministic-collapse:keep-f"
"16CF94944F2F30E371CF30124A47CEE12A2C2DEEB63C09F0512459A38B738D32","out\games\2025-09-13__TSC_vs_NEOFC\MASTER.mp4","C:\Users\scott\soccer-video\out\games\2025-09-13__TSC_vs_NEOFC\MASTER.mp4","3938848268","R21:deterministic-collapse:keep-masters"
"CF64BF14D41A8839DA603C712644E2A35156D0291AD8296DEBB489683A438081","out\games\2025-09-20__TSC_vs_Greenwood\MASTER.mp4","C:\Users\scott\soccer-video\out\games\2025-09-20__TSC_vs_Greenwood\MASTER.mp4","5010897397","R21:deterministic-collapse:keep-masters"
"F325BE29C4226397172AEDB7469D04A9DD13994418AEA4C99E11F56D4ACDC8A2","out\games\2025-09-20__TSC_vs_RVFC\MASTER.mp4","C:\Users\scott\soccer-video\out\games\2025-09-20__TSC_vs_RVFC\MASTER.mp4","4919311191","R21:deterministic-collapse:keep-masters"
"ADBED55E49B7D160FC2072931171AC4BEEC014FA12A1AE01C7F0F031815D487F","out\games\2025-10-04__TSC_vs_FC_Tulsa_Black\MASTER.mp4","C:\Users\scott\soccer-video\out\games\2025-10-04__TSC_vs_FC_Tulsa_Black\MASTER.mp4","3015374216","R21:deterministic-collapse:keep-masters"
"C3C07D488BA919C484403764DDB69CB3D9B258034CB8CACA425FAAE08F9C47F4","out\masters\TSC_SLSG_FallFestival_2025__MASTER.mp4","C:\Users\scott\soccer-video\out\masters\TSC_SLSG_FallFestival_2025__MASTER.mp4","1108737394","R21:deterministic-collapse:keep-m"
"C3C07D488BA919C484403764DDB69CB3D9B258034CB8CACA425FAAE08F9C47F4","out\TSC_SLSG_FallFestival_2025\MASTER.mp4","C:\Users\scott\soccer-video\out\TSC_SLSG_FallFestival_2025\MASTER.mp4","1108737394","R21:deterministic-collapse:keep-m"
"A51642127298798F739F147CA1AE6EB2E94E3E5B8515CABAE4D3DF064A7E70F2","out\portrait_reels\branded\_portrait_BRAND.mp4","C:\Users\scott\soccer-video\out\portrait_reels\branded\_portrait_BRAND.mp4","7752303","R21:deterministic-collapse:keep-p"
"A51642127298798F739F147CA1AE6EB2E94E3E5B8515CABAE4D3DF064A7E70F2","out\portrait_reels\branded\_portrait_POST.mp4","C:\Users\scott\soccer-video\out\portrait_reels\branded\_portrait_POST.mp4","7752303","R21:deterministic-collapse:keep-p"
"4AB6BBCB05E5D45FFE744A1CBF9FFD539F71E13490FB3EE982C99A28DA609FB3","out\reels\portrait_1080x1920\008__2025-10-04__TSC_vs_FC_Tulsa_Black__BUILD_UP_SHOT__t61500.00-t62400.00.mp4","C:\Users\scott\soccer-video\out\reels\portrait_1080x1920\008__2025-10-04__TSC_vs_FC_Tulsa_Black__BUILD_UP_SHOT__t61500.00-t62400.00.mp4","25280","R21:deterministic-collapse:keep-p"
"4AB6BBCB05E5D45FFE744A1CBF9FFD539F71E13490FB3EE982C99A28DA609FB3","out\reels\portrait_1080x1920\009__2025-10-04__TSC_vs_FC_Tulsa_Black__PRESSURE_SHOT__t62760.00-t63420.00.mp4","C:\Users\scott\soccer-video\out\reels\portrait_1080x1920\009__2025-10-04__TSC_vs_FC_Tulsa_Black__PRESSURE_SHOT__t62760.00-t63420.00.mp4","25280","R21:deterministic-collapse:keep-p"
"4AB6BBCB05E5D45FFE744A1CBF9FFD539F71E13490FB3EE982C99A28DA609FB3","out\reels\portrait_1080x1920\010__2025-10-04__TSC_vs_FC_Tulsa_Black__BUILD_UP_SHOT__t63480.00-t64800.00.mp4","C:\Users\scott\soccer-video\out\reels\portrait_1080x1920\010__2025-10-04__TSC_vs_FC_Tulsa_Black__BUILD_UP_SHOT__t63480.00-t64800.00.mp4","25280","R21:deterministic-collapse:keep-p"
"4AB6BBCB05E5D45FFE744A1CBF9FFD539F71E13490FB3EE982C99A28DA609FB3","out\reels\portrait_1080x1920\011__2025-10-04__TSC_vs_FC_Tulsa_Black__BUILD_UP_SHOT__t71880.00-t73320.00.mp4","C:\Users\scott\soccer-video\out\reels\portrait_1080x1920\011__2025-10-04__TSC_vs_FC_Tulsa_Black__BUILD_UP_SHOT__t71880.00-t73320.00.mp4","25280","R21:deterministic-collapse:keep-p"
"4AB6BBCB05E5D45FFE744A1CBF9FFD539F71E13490FB3EE982C99A28DA609FB3","out\reels\portrait_1080x1920\012__2025-10-04__TSC_vs_FC_Tulsa_Black__PRESSURE_GOAL__t74340.00-t75180.00.mp4","C:\Users\scott\soccer-video\out\reels\portrait_1080x1920\012__2025-10-04__TSC_vs_FC_Tulsa_Black__PRESSURE_GOAL__t74340.00-t75180.00.mp4","25280","R21:deterministic-collapse:keep-p"
"4AB6BBCB05E5D45FFE744A1CBF9FFD539F71E13490FB3EE982C99A28DA609FB3","out\reels\portrait_1080x1920\013__2025-10-04__TSC_vs_FC_Tulsa_Black__BUILD_UP_PLAY__t77400.00-t78360.00.mp4","C:\Users\scott\soccer-video\out\reels\portrait_1080x1920\013__2025-10-04__TSC_vs_FC_Tulsa_Black__BUILD_UP_PLAY__t77400.00-t78360.00.mp4","25280","R21:deterministic-collapse:keep-p"
"215C5E93D9F32B6529064787CEF0CCF33957C9410B3DB4D97607514F1FB0614E","out\reels\portrait_1080x1920\011__2025-09-20__TSC_vs_Greenwood__GOAL__t54120.00-t54780.00.mp4","C:\Users\scott\soccer-video\out\reels\portrait_1080x1920\011__2025-09-20__TSC_vs_Greenwood__GOAL__t54120.00-t54780.00.mp4","26895","R21:deterministic-collapse:keep-p"
"215C5E93D9F32B6529064787CEF0CCF33957C9410B3DB4D97607514F1FB0614E","out\reels\portrait_1080x1920\012__2025-09-20__TSC_vs_Greenwood__BUILD_SHOT__t58380.00-t59220.00.mp4","C:\Users\scott\soccer-video\out\reels\portrait_1080x1920\012__2025-09-20__TSC_vs_Greenwood__BUILD_SHOT__t58380.00-t59220.00.mp4","26895","R21:deterministic-collapse:keep-p"
"215C5E93D9F32B6529064787CEF0CCF33957C9410B3DB4D97607514F1FB0614E","out\reels\portrait_1080x1920\013__2025-09-20__TSC_vs_Greenwood__PRESSURE_SHOT__t59280.00-t60060.00.mp4","C:\Users\scott\soccer-video\out\reels\portrait_1080x1920\013__2025-09-20__TSC_vs_Greenwood__PRESSURE_SHOT__t59280.00-t60060.00.mp4","26895","R21:deterministic-collapse:keep-p"
"215C5E93D9F32B6529064787CEF0CCF33957C9410B3DB4D97607514F1FB0614E","out\reels\portrait_1080x1920\014__2025-09-20__TSC_vs_Greenwood__PRESSURE_SHOT__t63780.00-t64380.00.mp4","C:\Users\scott\soccer-video\out\reels\portrait_1080x1920\014__2025-09-20__TSC_vs_Greenwood__PRESSURE_SHOT__t63780.00-t64380.00.mp4","26895","R21:deterministic-collapse:keep-p"
"215C5E93D9F32B6529064787CEF0CCF33957C9410B3DB4D97607514F1FB0614E","out\reels\portrait_1080x1920\015__2025-09-20__TSC_vs_Greenwood__SHOT__t64860.00-t65280.00.mp4","C:\Users\scott\soccer-video\out\reels\portrait_1080x1920\015__2025-09-20__TSC_vs_Greenwood__SHOT__t64860.00-t65280.00.mp4","26895","R21:deterministic-collapse:keep-p"
"215C5E93D9F32B6529064787CEF0CCF33957C9410B3DB4D97607514F1FB0614E","out\reels\portrait_1080x1920\016__2025-09-20__TSC_vs_Greenwood__BUILD_UP_PLAY_SHOT__t71700.00-t72540.00.mp4","C:\Users\scott\soccer-video\out\reels\portrait_1080x1920\016__2025-09-20__TSC_vs_Greenwood__BUILD_UP_PLAY_SHOT__t71700.00-t72540.00.mp4","26895","R21:deterministic-collapse:keep-p"
"215C5E93D9F32B6529064787CEF0CCF33957C9410B3DB4D97607514F1FB0614E","out\reels\portrait_1080x1920\017__2025-09-20__TSC_vs_Greenwood__PRESSURE_SHOT__t72720.00-t73440.00.mp4","C:\Users\scott\soccer-video\out\reels\portrait_1080x1920\017__2025-09-20__TSC_vs_Greenwood__PRESSURE_SHOT__t72720.00-t73440.00.mp4","26895","R21:deterministic-collapse:keep-p"
"215C5E93D9F32B6529064787CEF0CCF33957C9410B3DB4D97607514F1FB0614E","out\reels\portrait_1080x1920\018__2025-09-20__TSC_vs_Greenwood__BUILD_UP_PLAY_GOAL__t77520.00-t79740.00.mp4","C:\Users\scott\soccer-video\out\reels\portrait_1080x1920\018__2025-09-20__TSC_vs_Greenwood__BUILD_UP_PLAY_GOAL__t77520.00-t79740.00.mp4","26895","R21:deterministic-collapse:keep-p"
"215C5E93D9F32B6529064787CEF0CCF33957C9410B3DB4D97607514F1FB0614E","out\reels\portrait_1080x1920\019__2025-09-20__TSC_vs_Greenwood__PRESSURE_SHOT__t82140.00-t82980.00.mp4","C:\Users\scott\soccer-video\out\reels\portrait_1080x1920\019__2025-09-20__TSC_vs_Greenwood__PRESSURE_SHOT__t82140.00-t82980.00.mp4","26895","R21:deterministic-collapse:keep-p"
"215C5E93D9F32B6529064787CEF0CCF33957C9410B3DB4D97607514F1FB0614E","out\reels\portrait_1080x1920\020__2025-09-20__TSC_vs_Greenwood__PRESSURE_SHOT__t83580.00-t84540.00.mp4","C:\Users\scott\soccer-video\out\reels\portrait_1080x1920\020__2025-09-20__TSC_vs_Greenwood__PRESSURE_SHOT__t83580.00-t84540.00.mp4","26895","R21:deterministic-collapse:keep-p"
"9AAFF99391E5414C3029A16825014323933B2811EA777B1B5526459B5D33D31C","out\reels\portrait_1080x1920\014__2025-09-20__TSC_vs_RVFC__DEFENSE_BUILD_UP__t52800.00-t53820.00.mp4","C:\Users\scott\soccer-video\out\reels\portrait_1080x1920\014__2025-09-20__TSC_vs_RVFC__DEFENSE_BUILD_UP__t52800.00-t53820.00.mp4","16974","R21:deterministic-collapse:keep-p"
"9AAFF99391E5414C3029A16825014323933B2811EA777B1B5526459B5D33D31C","out\reels\portrait_1080x1920\015__2025-09-20__TSC_vs_RVFC__SHOT__t55800.00-t56220.00.mp4","C:\Users\scott\soccer-video\out\reels\portrait_1080x1920\015__2025-09-20__TSC_vs_RVFC__SHOT__t55800.00-t56220.00.mp4","16974","R21:deterministic-collapse:keep-p"
"9AAFF99391E5414C3029A16825014323933B2811EA777B1B5526459B5D33D31C","out\reels\portrait_1080x1920\016__2025-09-20__TSC_vs_RVFC__BUILD_UP_PLAY_SHOT__t59940.00-t61320.00.mp4","C:\Users\scott\soccer-video\out\reels\portrait_1080x1920\016__2025-09-20__TSC_vs_RVFC__BUILD_UP_PLAY_SHOT__t59940.00-t61320.00.mp4","16974","R21:deterministic-collapse:keep-p"
"9AAFF99391E5414C3029A16825014323933B2811EA777B1B5526459B5D33D31C","out\reels\portrait_1080x1920\017__2025-09-20__TSC_vs_RVFC__BUILD_UP_PLAY_SHOT__t65280.00-t67440.00.mp4","C:\Users\scott\soccer-video\out\reels\portrait_1080x1920\017__2025-09-20__TSC_vs_RVFC__BUILD_UP_PLAY_SHOT__t65280.00-t67440.00.mp4","16974","R21:deterministic-collapse:keep-p"
"9AAFF99391E5414C3029A16825014323933B2811EA777B1B5526459B5D33D31C","out\reels\portrait_1080x1920\018__2025-09-20__TSC_vs_RVFC__DRIBBLING_SHOT__t68820.00-t69180.00.mp4","C:\Users\scott\soccer-video\out\reels\portrait_1080x1920\018__2025-09-20__TSC_vs_RVFC__DRIBBLING_SHOT__t68820.00-t69180.00.mp4","16974","R21:deterministic-collapse:keep-p"
"9AAFF99391E5414C3029A16825014323933B2811EA777B1B5526459B5D33D31C","out\reels\portrait_1080x1920\019__2025-09-20__TSC_vs_RVFC__BUILD_UP_PLAY_SHOT__t69480.00-t70920.00.mp4","C:\Users\scott\soccer-video\out\reels\portrait_1080x1920\019__2025-09-20__TSC_vs_RVFC__BUILD_UP_PLAY_SHOT__t69480.00-t70920.00.mp4","16974","R21:deterministic-collapse:keep-p"
"9AAFF99391E5414C3029A16825014323933B2811EA777B1B5526459B5D33D31C","out\reels\portrait_1080x1920\020__2025-09-20__TSC_vs_RVFC__SHOT__t74160.00-t74580.00.mp4","C:\Users\scott\soccer-video\out\reels\portrait_1080x1920\020__2025-09-20__TSC_vs_RVFC__SHOT__t74160.00-t74580.00.mp4","16974","R21:deterministic-collapse:keep-p"
"9AAFF99391E5414C3029A16825014323933B2811EA777B1B5526459B5D33D31C","out\reels\portrait_1080x1920\021__2025-09-20__TSC_vs_RVFC__CROSS__t76500.00-t77580.00.mp4","C:\Users\scott\soccer-video\out\reels\portrait_1080x1920\021__2025-09-20__TSC_vs_RVFC__CROSS__t76500.00-t77580.00.mp4","16974","R21:deterministic-collapse:keep-p"
"9AAFF99391E5414C3029A16825014323933B2811EA777B1B5526459B5D33D31C","out\reels\portrait_1080x1920\022__2025-09-20__TSC_vs_RVFC__PRESSURE_SHOT__t78000.00-t78600.00.mp4","C:\Users\scott\soccer-video\out\reels\portrait_1080x1920\022__2025-09-20__TSC_vs_RVFC__PRESSURE_SHOT__t78000.00-t78600.00.mp4","16974","R21:deterministic-collapse:keep-p"
"9AAFF99391E5414C3029A16825014323933B2811EA777B1B5526459B5D33D31C","out\reels\portrait_1080x1920\023__2025-09-20__TSC_vs_RVFC__PRESSURE_SHOT__t78960.00-t79740.00.mp4","C:\Users\scott\soccer-video\out\reels\portrait_1080x1920\023__2025-09-20__TSC_vs_RVFC__PRESSURE_SHOT__t78960.00-t79740.00.mp4","16974","R21:deterministic-collapse:keep-p"
"9AAFF99391E5414C3029A16825014323933B2811EA777B1B5526459B5D33D31C","out\reels\portrait_1080x1920\024__2025-09-20__TSC_vs_RVFC__FREE_KICK__t84120.00-t85260.00.mp4","C:\Users\scott\soccer-video\out\reels\portrait_1080x1920\024__2025-09-20__TSC_vs_RVFC__FREE_KICK__t84120.00-t85260.00.mp4","16974","R21:deterministic-collapse:keep-p"
"09B7014CFC6882C8936769D03E86F5E28841DF51F1CBCAFB9B66B1EBFE189FAA","out\reels\portrait_1080x1920\2025-10-04__TSC_vs_FC\001__2025-10-04__TSC_vs_FC_Tulsa_Black__DRIBBLING__t387-t412.mp4","C:\Users\scott\soccer-video\out\reels\portrait_1080x1920\2025-10-04__TSC_vs_FC\001__2025-10-04__TSC_vs_FC_Tulsa_Black__DRIBBLING__t387-t412.mp4","73554984","R21:deterministic-collapse:keep-p"
"09B7014CFC6882C8936769D03E86F5E28841DF51F1CBCAFB9B66B1EBFE189FAA","out\reels\portrait_1080x1920\2025-10-04__TSC_vs_FC\116__2025-10-04__TSC_vs_FC_Tulsa_Black__DRIBBLING__t387-t412.mp4","C:\Users\scott\soccer-video\out\reels\portrait_1080x1920\2025-10-04__TSC_vs_FC\116__2025-10-04__TSC_vs_FC_Tulsa_Black__DRIBBLING__t387-t412.mp4","73554984","R21:deterministic-collapse:keep-p"
"09B7014CFC6882C8936769D03E86F5E28841DF51F1CBCAFB9B66B1EBFE189FAA","out\reels\portrait_1080x1920\2025-10-04__TSC_vs_FC_Tulsa_Black\001__2025-10-04__TSC_vs_FC_Tulsa_Black__DRIBBLING__t387-t412.mp4","C:\Users\scott\soccer-video\out\reels\portrait_1080x1920\2025-10-04__TSC_vs_FC_Tulsa_Black\001__2025-10-04__TSC_vs_FC_Tulsa_Black__DRIBBLING__t387-t412.mp4","73554984","R21:deterministic-collapse:keep-p"
