"Hash","Bucket","Exists","InQuarantine","RelSample","FullPath"
"5807F83F8C7C328954A646D8745F438443FCCBEEC9875AC5286E6C1E912174B6","other","False","False","out\autoframe_work\cinematic\117__1970-01-01__HOME_vs_AWAY__GOAL__t180.80-t191.20_portrait_FINAL\follow\stabilized.mp4","C:\Users\scott\soccer-video\out\autoframe_work\cinematic\117__1970-01-01__HOME_vs_AWAY__GOAL__t180.80-t191.20_portrait_FINAL\follow\stabilized.mp4"
"5807F83F8C7C328954A646D8745F438443FCCBEEC9875AC5286E6C1E912174B6","portrait_branded","True","False","out\portrait_reels\branded\002__GOAL__t180.80-t191.20_portrait_POST.mp4","C:\Users\scott\soccer-video\out\portrait_reels\branded\002__GOAL__t180.80-t191.20_portrait_POST.mp4"
"3E012DFAF3B3F46D5D0F22CE3BE261D939D9B36848E67BFFA397A9E16B00DA46","other","False","False","out\autoframe_work\cinematic\118__2025-10-04__TSC_vs_FC_Tulsa_Black__BUILD_UP__t421.00-t449.00_portrait_FINAL\follow\stabilized.mp4","C:\Users\scott\soccer-video\out\autoframe_work\cinematic\118__2025-10-04__TSC_vs_FC_Tulsa_Black__BUILD_UP__t421.00-t449.00_portrait_FINAL\follow\stabilized.mp4"
"3E012DFAF3B3F46D5D0F22CE3BE261D939D9B36848E67BFFA397A9E16B00DA46","portrait_branded","True","False","out\portrait_reels\branded\002__2025-10-04__TSC_vs_FC_Tulsa_Black__BUILD_UP__t421.00-t449.00_portrait_POST.mp4","C:\Users\scott\soccer-video\out\portrait_reels\branded\002__2025-10-04__TSC_vs_FC_Tulsa_Black__BUILD_UP__t421.00-t449.00_portrait_POST.mp4"
"4258360D4B1BF67509CC1AA4FBFE7B49DBAF3EF367C80214CD4ED26E579200CE","other","False","False","out\autoframe_work\cinematic\119__1970-01-01__HOME_vs_AWAY__BUILD_UP__t224.80-t248.70_portrait_FINAL\follow\stabilized.mp4","C:\Users\scott\soccer-video\out\autoframe_work\cinematic\119__1970-01-01__HOME_vs_AWAY__BUILD_UP__t224.80-t248.70_portrait_FINAL\follow\stabilized.mp4"
"4258360D4B1BF67509CC1AA4FBFE7B49DBAF3EF367C80214CD4ED26E579200CE","portrait_branded","True","False","out\portrait_reels\branded\003__BUILD_UP__t224.80-t248.70_portrait_POST.mp4","C:\Users\scott\soccer-video\out\portrait_reels\branded\003__BUILD_UP__t224.80-t248.70_portrait_POST.mp4"
"43BE1FD006412F358ABD487B98BED7F0EEBCB2D5B8BB9D22129B10711D723396","other","False","False","out\autoframe_work\cinematic\120__2025-09-20__TSC_vs_Greenwood__BUILD_UP_PLAY_SHOT__t421.00-t441.00_portrait_FINAL\follow\stabilized.mp4","C:\Users\scott\soccer-video\out\autoframe_work\cinematic\120__2025-09-20__TSC_vs_Greenwood__BUILD_UP_PLAY_SHOT__t421.00-t441.00_portrait_FINAL\follow\stabilized.mp4"
"43BE1FD006412F358ABD487B98BED7F0EEBCB2D5B8BB9D22129B10711D723396","portrait_branded","True","False","out\portrait_reels\branded\003__2025-09-20__TSC_vs_Greenwood__BUILD_UP_PLAY_SHOT__t421.00-t441.00_portrait_POST.mp4","C:\Users\scott\soccer-video\out\portrait_reels\branded\003__2025-09-20__TSC_vs_Greenwood__BUILD_UP_PLAY_SHOT__t421.00-t441.00_portrait_POST.mp4"
"C749557357232680CF8EAC03DA5C665433F2C6D70DA0A380854C7F6FFFCC9632","other","False","False","out\autoframe_work\cinematic\121__2025-10-04__TSC_vs_FC_Tulsa_Black__BUILD_UP__t458.00-t487.00_portrait_FINAL\follow\stabilized.mp4","C:\Users\scott\soccer-video\out\autoframe_work\cinematic\121__2025-10-04__TSC_vs_FC_Tulsa_Black__BUILD_UP__t458.00-t487.00_portrait_FINAL\follow\stabilized.mp4"
"C749557357232680CF8EAC03DA5C665433F2C6D70DA0A380854C7F6FFFCC9632","portrait_branded","True","False","out\portrait_reels\branded\003__2025-10-04__TSC_vs_FC_Tulsa_Black__BUILD_UP__t458.00-t487.00_portrait_POST.mp4","C:\Users\scott\soccer-video\out\portrait_reels\branded\003__2025-10-04__TSC_vs_FC_Tulsa_Black__BUILD_UP__t458.00-t487.00_portrait_POST.mp4"
"687CB48711F97C7380AF5DAA63EAE7A9FDB7755457C267E068E1B668A8C42E39","other","False","False","out\autoframe_work\cinematic\122__1970-01-01__HOME_vs_AWAY__GOAL__t266.50-t283.10_portrait_FINAL\follow\stabilized.mp4","C:\Users\scott\soccer-video\out\autoframe_work\cinematic\122__1970-01-01__HOME_vs_AWAY__GOAL__t266.50-t283.10_portrait_FINAL\follow\stabilized.mp4"
"687CB48711F97C7380AF5DAA63EAE7A9FDB7755457C267E068E1B668A8C42E39","portrait_branded","True","False","out\portrait_reels\branded\004__GOAL__t266.50-t283.10_portrait_POST.mp4","C:\Users\scott\soccer-video\out\portrait_reels\branded\004__GOAL__t266.50-t283.10_portrait_POST.mp4"
"E33744C4CD8475703E0ED80419F13F4E55D67F5DD380DE5DA65859CFEC3134E9","other","False","False","out\autoframe_work\cinematic\123__2025-09-20__TSC_vs_Greenwood__PRESSURE_TWO_SHOTS__t444.00-t456.00_portrait_FINAL\follow\stabilized.mp4","C:\Users\scott\soccer-video\out\autoframe_work\cinematic\123__2025-09-20__TSC_vs_Greenwood__PRESSURE_TWO_SHOTS__t444.00-t456.00_portrait_FINAL\follow\stabilized.mp4"
"E33744C4CD8475703E0ED80419F13F4E55D67F5DD380DE5DA65859CFEC3134E9","portrait_branded","True","False","out\portrait_reels\branded\004__2025-09-20__TSC_vs_Greenwood__PRESSURE_TWO_SHOTS__t444.00-t456.00_portrait_POST.mp4","C:\Users\scott\soccer-video\out\portrait_reels\branded\004__2025-09-20__TSC_vs_Greenwood__PRESSURE_TWO_SHOTS__t444.00-t456.00_portrait_POST.mp4"
"80D542F8371248ACFCB7AA1322D9CF430D2825E9ACC78BFBC671DABE6172848B","other","False","False","out\autoframe_work\cinematic\124__2025-10-04__TSC_vs_FC_Tulsa_Black__BUILD_UP__t495.00-t513.00_portrait_FINAL\follow\stabilized.mp4","C:\Users\scott\soccer-video\out\autoframe_work\cinematic\124__2025-10-04__TSC_vs_FC_Tulsa_Black__BUILD_UP__t495.00-t513.00_portrait_FINAL\follow\stabilized.mp4"
"80D542F8371248ACFCB7AA1322D9CF430D2825E9ACC78BFBC671DABE6172848B","portrait_branded","True","False","out\portrait_reels\branded\004__2025-10-04__TSC_vs_FC_Tulsa_Black__BUILD_UP__t495.00-t513.00_portrait_POST.mp4","C:\Users\scott\soccer-video\out\portrait_reels\branded\004__2025-10-04__TSC_vs_FC_Tulsa_Black__BUILD_UP__t495.00-t513.00_portrait_POST.mp4"
"CEEBE029AB61B88B43CFF0D39F304DA8430C4B91011156A753BE8185871C8BA2","other","False","False","out\autoframe_work\cinematic\125__1970-01-01__HOME_vs_AWAY__CORNER__t417.90-t431.60_portrait_FINAL\follow\stabilized.mp4","C:\Users\scott\soccer-video\out\autoframe_work\cinematic\125__1970-01-01__HOME_vs_AWAY__CORNER__t417.90-t431.60_portrait_FINAL\follow\stabilized.mp4"
"CEEBE029AB61B88B43CFF0D39F304DA8430C4B91011156A753BE8185871C8BA2","portrait_branded","True","False","out\portrait_reels\branded\005__CORNER__t417.90-t431.60_portrait_POST.mp4","C:\Users\scott\soccer-video\out\portrait_reels\branded\005__CORNER__t417.90-t431.60_portrait_POST.mp4"
"273E78A6F478D0F137BDF7D208D01DE11FFC7C1946AA813AD47986115C091755","other","False","False","out\autoframe_work\cinematic\126__2025-09-20__TSC_vs_Greenwood__WIN_FREE_KICK__t538.00-t553.00_portrait_FINAL\follow\stabilized.mp4","C:\Users\scott\soccer-video\out\autoframe_work\cinematic\126__2025-09-20__TSC_vs_Greenwood__WIN_FREE_KICK__t538.00-t553.00_portrait_FINAL\follow\stabilized.mp4"
"273E78A6F478D0F137BDF7D208D01DE11FFC7C1946AA813AD47986115C091755","portrait_branded","True","False","out\portrait_reels\branded\005__2025-09-20__TSC_vs_Greenwood__WIN_FREE_KICK__t538.00-t553.00_portrait_POST.mp4","C:\Users\scott\soccer-video\out\portrait_reels\branded\005__2025-09-20__TSC_vs_Greenwood__WIN_FREE_KICK__t538.00-t553.00_portrait_POST.mp4"
"3E93A049672C85F352A0EDECC8C99F2F0926CA358F8A5A8D9C63E32E519FF6F7","other","False","False","out\autoframe_work\cinematic\127__2025-10-04__TSC_vs_FC_Tulsa_Black__SHOT__t600.00-t607.00_portrait_FINAL\follow\stabilized.mp4","C:\Users\scott\soccer-video\out\autoframe_work\cinematic\127__2025-10-04__TSC_vs_FC_Tulsa_Black__SHOT__t600.00-t607.00_portrait_FINAL\follow\stabilized.mp4"
"3E93A049672C85F352A0EDECC8C99F2F0926CA358F8A5A8D9C63E32E519FF6F7","portrait_branded","True","False","out\portrait_reels\branded\005__2025-10-04__TSC_vs_FC_Tulsa_Black__SHOT__t600.00-t607.00_portrait_POST.mp4","C:\Users\scott\soccer-video\out\portrait_reels\branded\005__2025-10-04__TSC_vs_FC_Tulsa_Black__SHOT__t600.00-t607.00_portrait_POST.mp4"
"DB80BBAFE60FBEA71C8C7F6895BB8C3AB51F3727D57799A771D17A8C8B6F62AF","other","False","False","out\autoframe_work\cinematic\128__1970-01-01__HOME_vs_AWAY__DEFENSE__t699.30-t711.50_portrait_FINAL\follow\stabilized.mp4","C:\Users\scott\soccer-video\out\autoframe_work\cinematic\128__1970-01-01__HOME_vs_AWAY__DEFENSE__t699.30-t711.50_portrait_FINAL\follow\stabilized.mp4"
"DB80BBAFE60FBEA71C8C7F6895BB8C3AB51F3727D57799A771D17A8C8B6F62AF","portrait_branded","True","False","out\portrait_reels\branded\006__DEFENSE__t699.30-t711.50_portrait_POST.mp4","C:\Users\scott\soccer-video\out\portrait_reels\branded\006__DEFENSE__t699.30-t711.50_portrait_POST.mp4"
"B768CDD331FE11CF63BE389A0C73403687AF972FBDDC5B222E1C3E58BE4B13F2","other","False","False","out\autoframe_work\cinematic\129__2025-09-20__TSC_vs_Greenwood__BUILD_UP_PLAY_SHOT__t685.00-t708.00_portrait_FINAL\follow\stabilized.mp4","C:\Users\scott\soccer-video\out\autoframe_work\cinematic\129__2025-09-20__TSC_vs_Greenwood__BUILD_UP_PLAY_SHOT__t685.00-t708.00_portrait_FINAL\follow\stabilized.mp4"
"B768CDD331FE11CF63BE389A0C73403687AF972FBDDC5B222E1C3E58BE4B13F2","portrait_branded","True","False","out\portrait_reels\branded\006__2025-09-20__TSC_vs_Greenwood__BUILD_UP_PLAY_SHOT__t685.00-t708.00_portrait_POST.mp4","C:\Users\scott\soccer-video\out\portrait_reels\branded\006__2025-09-20__TSC_vs_Greenwood__BUILD_UP_PLAY_SHOT__t685.00-t708.00_portrait_POST.mp4"
"9C5F0CC4C5CF4794387B5403097B1D825C5A04C9AF86BD337100825745B733A1","other","False","False","out\autoframe_work\cinematic\130__2025-09-20__TSC_vs_RVFC__SHOT__t517.00-t528.00_portrait_FINAL\follow\stabilized.mp4","C:\Users\scott\soccer-video\out\autoframe_work\cinematic\130__2025-09-20__TSC_vs_RVFC__SHOT__t517.00-t528.00_portrait_FINAL\follow\stabilized.mp4"
"9C5F0CC4C5CF4794387B5403097B1D825C5A04C9AF86BD337100825745B733A1","portrait_branded","True","False","out\portrait_reels\branded\006__2025-09-20__TSC_vs_RVFC__SHOT__t517.00-t528.00_portrait_POST.mp4","C:\Users\scott\soccer-video\out\portrait_reels\branded\006__2025-09-20__TSC_vs_RVFC__SHOT__t517.00-t528.00_portrait_POST.mp4"
"A197C2970C9D33CEEA8B78806AC07A065C38122EE186880CE1CAAF78038DCEB8","other","False","False","out\autoframe_work\cinematic\131__2025-10-04__TSC_vs_FC_Tulsa_Black__BUILD_UP_GOAL__t674.00-t717.00_portrait_FINAL\follow\stabilized.mp4","C:\Users\scott\soccer-video\out\autoframe_work\cinematic\131__2025-10-04__TSC_vs_FC_Tulsa_Black__BUILD_UP_GOAL__t674.00-t717.00_portrait_FINAL\follow\stabilized.mp4"
"A197C2970C9D33CEEA8B78806AC07A065C38122EE186880CE1CAAF78038DCEB8","portrait_branded","True","False","out\portrait_reels\branded\006__2025-10-04__TSC_vs_FC_Tulsa_Black__BUILD_UP_GOAL__t674.00-t717.00_portrait_POST.mp4","C:\Users\scott\soccer-video\out\portrait_reels\branded\006__2025-10-04__TSC_vs_FC_Tulsa_Black__BUILD_UP_GOAL__t674.00-t717.00_portrait_POST.mp4"
"6F5DE93C6C1BAC796DC2962BF4FED492856C7E93A8DAABB23629441683993509","other","False","False","out\autoframe_work\cinematic\132__1970-01-01__HOME_vs_AWAY__DRIBBLING__t982.00-t987.90_portrait_FINAL\follow\stabilized.mp4","C:\Users\scott\soccer-video\out\autoframe_work\cinematic\132__1970-01-01__HOME_vs_AWAY__DRIBBLING__t982.00-t987.90_portrait_FINAL\follow\stabilized.mp4"
"6F5DE93C6C1BAC796DC2962BF4FED492856C7E93A8DAABB23629441683993509","portrait_branded","True","False","out\portrait_reels\branded\007__DRIBBLING__t982.00-t987.90_portrait_POST.mp4","C:\Users\scott\soccer-video\out\portrait_reels\branded\007__DRIBBLING__t982.00-t987.90_portrait_POST.mp4"
"77710A0415EAE15D803C6C757C8E0008013647FB53F6C660AA97F8C656D05154","other","False","False","out\autoframe_work\cinematic\133__2025-09-20__TSC_vs_Greenwood__DRIBBLING_SHOT__t739.00-t752.00_portrait_FINAL\follow\stabilized.mp4","C:\Users\scott\soccer-video\out\autoframe_work\cinematic\133__2025-09-20__TSC_vs_Greenwood__DRIBBLING_SHOT__t739.00-t752.00_portrait_FINAL\follow\stabilized.mp4"
"77710A0415EAE15D803C6C757C8E0008013647FB53F6C660AA97F8C656D05154","portrait_branded","True","False","out\portrait_reels\branded\007__2025-09-20__TSC_vs_Greenwood__DRIBBLING_SHOT__t739.00-t752.00_portrait_POST.mp4","C:\Users\scott\soccer-video\out\portrait_reels\branded\007__2025-09-20__TSC_vs_Greenwood__DRIBBLING_SHOT__t739.00-t752.00_portrait_POST.mp4"
"7F0DE44BF14F64AB585ADF5915701C43546AED449B9F87433CCA5AC3472CC1A4","other","False","False","out\autoframe_work\cinematic\134__2025-09-20__TSC_vs_RVFC__PRESSURE_GOAL__t529.00-t547.00_portrait_FINAL\follow\stabilized.mp4","C:\Users\scott\soccer-video\out\autoframe_work\cinematic\134__2025-09-20__TSC_vs_RVFC__PRESSURE_GOAL__t529.00-t547.00_portrait_FINAL\follow\stabilized.mp4"
"7F0DE44BF14F64AB585ADF5915701C43546AED449B9F87433CCA5AC3472CC1A4","portrait_branded","True","False","out\portrait_reels\branded\007__2025-09-20__TSC_vs_RVFC__PRESSURE_GOAL__t529.00-t547.00_portrait_POST.mp4","C:\Users\scott\soccer-video\out\portrait_reels\branded\007__2025-09-20__TSC_vs_RVFC__PRESSURE_GOAL__t529.00-t547.00_portrait_POST.mp4"
"4EAC471471A086A0B9D87B8AAF3B6BC16C096CA0CF6319615B248C57D8287908","other","False","False","out\autoframe_work\cinematic\135__2025-10-04__TSC_vs_FC_Tulsa_Black__BUILD_UP_SHOT__t767.00-t785.00_portrait_FINAL\follow\stabilized.mp4","C:\Users\scott\soccer-video\out\autoframe_work\cinematic\135__2025-10-04__TSC_vs_FC_Tulsa_Black__BUILD_UP_SHOT__t767.00-t785.00_portrait_FINAL\follow\stabilized.mp4"
"4EAC471471A086A0B9D87B8AAF3B6BC16C096CA0CF6319615B248C57D8287908","portrait_branded","True","False","out\portrait_reels\branded\007__2025-10-04__TSC_vs_FC_Tulsa_Black__BUILD_UP_SHOT__t767.00-t785.00_portrait_POST.mp4","C:\Users\scott\soccer-video\out\portrait_reels\branded\007__2025-10-04__TSC_vs_FC_Tulsa_Black__BUILD_UP_SHOT__t767.00-t785.00_portrait_POST.mp4"
"ABD9A8C42AF2575B30D277C94CEDE8BC56F9689B6532F948383D598DF36C1784","other","False","False","out\autoframe_work\cinematic\136__1970-01-01__HOME_vs_AWAY__SHOT__t1247.80-t1259.20_portrait_FINAL\follow\stabilized.mp4","C:\Users\scott\soccer-video\out\autoframe_work\cinematic\136__1970-01-01__HOME_vs_AWAY__SHOT__t1247.80-t1259.20_portrait_FINAL\follow\stabilized.mp4"
"ABD9A8C42AF2575B30D277C94CEDE8BC56F9689B6532F948383D598DF36C1784","portrait_branded","True","False","out\portrait_reels\branded\008__SHOT__t1247.80-t1259.20_portrait_POST.mp4","C:\Users\scott\soccer-video\out\portrait_reels\branded\008__SHOT__t1247.80-t1259.20_portrait_POST.mp4"
"829EFE8E3A387CBCCF1A01D228D63657DF4387722A7BAE8E5C0E9002B984EA8D","other","False","False","out\autoframe_work\cinematic\137__2025-09-20__TSC_vs_Greenwood__PRESSURE_SHOT__t754.00-t783.00_portrait_FINAL\follow\stabilized.mp4","C:\Users\scott\soccer-video\out\autoframe_work\cinematic\137__2025-09-20__TSC_vs_Greenwood__PRESSURE_SHOT__t754.00-t783.00_portrait_FINAL\follow\stabilized.mp4"
"829EFE8E3A387CBCCF1A01D228D63657DF4387722A7BAE8E5C0E9002B984EA8D","portrait_branded","True","False","out\portrait_reels\branded\008__2025-09-20__TSC_vs_Greenwood__PRESSURE_SHOT__t754.00-t783.00_portrait_POST.mp4","C:\Users\scott\soccer-video\out\portrait_reels\branded\008__2025-09-20__TSC_vs_Greenwood__PRESSURE_SHOT__t754.00-t783.00_portrait_POST.mp4"
"2962B982FC041EE461108755016B21CDCA1EB207B69E7DD2E9866056913D063B","other","False","False","out\autoframe_work\cinematic\138__2025-09-20__TSC_vs_RVFC__BUILD_UP_PLAY_SHOT__t565.00-t600.00_portrait_FINAL\follow\stabilized.mp4","C:\Users\scott\soccer-video\out\autoframe_work\cinematic\138__2025-09-20__TSC_vs_RVFC__BUILD_UP_PLAY_SHOT__t565.00-t600.00_portrait_FINAL\follow\stabilized.mp4"
"2962B982FC041EE461108755016B21CDCA1EB207B69E7DD2E9866056913D063B","portrait_branded","True","False","out\portrait_reels\branded\008__2025-09-20__TSC_vs_RVFC__BUILD_UP_PLAY_SHOT__t565.00-t600.00_portrait_POST.mp4","C:\Users\scott\soccer-video\out\portrait_reels\branded\008__2025-09-20__TSC_vs_RVFC__BUILD_UP_PLAY_SHOT__t565.00-t600.00_portrait_POST.mp4"
"44A5FFA7B45C1FB1022580CAD35546207D2CAFA727EE7C5C14FD632374D1A24C","other","False","False","out\autoframe_work\cinematic\139__2025-10-04__TSC_vs_FC_Tulsa_Black__BUILD_UP_SHOT__t1025.00-t1040.00_portrait_FINAL\follow\stabilized.mp4","C:\Users\scott\soccer-video\out\autoframe_work\cinematic\139__2025-10-04__TSC_vs_FC_Tulsa_Black__BUILD_UP_SHOT__t1025.00-t1040.00_portrait_FINAL\follow\stabilized.mp4"
"44A5FFA7B45C1FB1022580CAD35546207D2CAFA727EE7C5C14FD632374D1A24C","portrait_branded","True","False","out\portrait_reels\branded\008__2025-10-04__TSC_vs_FC_Tulsa_Black__BUILD_UP_SHOT__t1025.00-t1040.00_portrait_POST.mp4","C:\Users\scott\soccer-video\out\portrait_reels\branded\008__2025-10-04__TSC_vs_FC_Tulsa_Black__BUILD_UP_SHOT__t1025.00-t1040.00_portrait_POST.mp4"
"0674B2FB03F581BD68B4B0A79A3C019028163AD7C736CB6CCF3DEA4B98E02FA3","other","False","False","out\autoframe_work\cinematic\140__1970-01-01__HOME_vs_AWAY__SHOT__t1420.40-t1438.20_portrait_FINAL\follow\stabilized.mp4","C:\Users\scott\soccer-video\out\autoframe_work\cinematic\140__1970-01-01__HOME_vs_AWAY__SHOT__t1420.40-t1438.20_portrait_FINAL\follow\stabilized.mp4"
"0674B2FB03F581BD68B4B0A79A3C019028163AD7C736CB6CCF3DEA4B98E02FA3","portrait_branded","True","False","out\portrait_reels\branded\009__SHOT__t1420.40-t1438.20_portrait_POST.mp4","C:\Users\scott\soccer-video\out\portrait_reels\branded\009__SHOT__t1420.40-t1438.20_portrait_POST.mp4"
"CA693C56A305651A443B3362BC38D30D3D472542690DC4CE0F471D3CB107B396","other","False","False","out\autoframe_work\cinematic\141__2025-09-20__TSC_vs_Greenwood__PRESSURE_SHOT__t802.00-t818.00_portrait_FINAL\follow\stabilized.mp4","C:\Users\scott\soccer-video\out\autoframe_work\cinematic\141__2025-09-20__TSC_vs_Greenwood__PRESSURE_SHOT__t802.00-t818.00_portrait_FINAL\follow\stabilized.mp4"
"CA693C56A305651A443B3362BC38D30D3D472542690DC4CE0F471D3CB107B396","portrait_branded","True","False","out\portrait_reels\branded\009__2025-09-20__TSC_vs_Greenwood__PRESSURE_SHOT__t802.00-t818.00_portrait_POST.mp4","C:\Users\scott\soccer-video\out\portrait_reels\branded\009__2025-09-20__TSC_vs_Greenwood__PRESSURE_SHOT__t802.00-t818.00_portrait_POST.mp4"
"1ADF86C162F1ADCA03DA7ADFA3DF4B9A1ADF5FF709E3683B43B15BDC2A2CFF67","other","False","False","out\autoframe_work\cinematic\142__2025-09-20__TSC_vs_RVFC__PRESSURE_SHOT__t604.00-t620.00_portrait_FINAL\follow\stabilized.mp4","C:\Users\scott\soccer-video\out\autoframe_work\cinematic\142__2025-09-20__TSC_vs_RVFC__PRESSURE_SHOT__t604.00-t620.00_portrait_FINAL\follow\stabilized.mp4"
"1ADF86C162F1ADCA03DA7ADFA3DF4B9A1ADF5FF709E3683B43B15BDC2A2CFF67","portrait_branded","True","False","out\portrait_reels\branded\009__2025-09-20__TSC_vs_RVFC__PRESSURE_SHOT__t604.00-t620.00_portrait_POST.mp4","C:\Users\scott\soccer-video\out\portrait_reels\branded\009__2025-09-20__TSC_vs_RVFC__PRESSURE_SHOT__t604.00-t620.00_portrait_POST.mp4"
"B8EAD5CCAD8A31C460299832A2D8351778E497C272E7C5452660B5179605272D","other","False","False","out\autoframe_work\cinematic\143__2025-10-04__TSC_vs_FC_Tulsa_Black__PRESSURE_SHOT__t1046.00-t1057.00_portrait_FINAL\follow\stabilized.mp4","C:\Users\scott\soccer-video\out\autoframe_work\cinematic\143__2025-10-04__TSC_vs_FC_Tulsa_Black__PRESSURE_SHOT__t1046.00-t1057.00_portrait_FINAL\follow\stabilized.mp4"
"B8EAD5CCAD8A31C460299832A2D8351778E497C272E7C5452660B5179605272D","portrait_branded","True","False","out\portrait_reels\branded\009__2025-10-04__TSC_vs_FC_Tulsa_Black__PRESSURE_SHOT__t1046.00-t1057.00_portrait_POST.mp4","C:\Users\scott\soccer-video\out\portrait_reels\branded\009__2025-10-04__TSC_vs_FC_Tulsa_Black__PRESSURE_SHOT__t1046.00-t1057.00_portrait_POST.mp4"
"99AF11F1F8D8F5A9B10353C71CD92057BFF9D2D55F193F6B5AE0231D7E81C91F","other","False","False","out\autoframe_work\cinematic\144__1970-01-01__HOME_vs_AWAY__CROSS__t1541.10-t1547.90_portrait_FINAL\follow\stabilized.mp4","C:\Users\scott\soccer-video\out\autoframe_work\cinematic\144__1970-01-01__HOME_vs_AWAY__CROSS__t1541.10-t1547.90_portrait_FINAL\follow\stabilized.mp4"
"99AF11F1F8D8F5A9B10353C71CD92057BFF9D2D55F193F6B5AE0231D7E81C91F","portrait_branded","True","False","out\portrait_reels\branded\010__CROSS__t1541.10-t1547.90_portrait_POST.mp4","C:\Users\scott\soccer-video\out\portrait_reels\branded\010__CROSS__t1541.10-t1547.90_portrait_POST.mp4"
"C6B4D4C030344E6C16E2C770830919B95FC98A1BE3A7FD4656E7F4CCEB59E9CA","other","False","False","out\autoframe_work\cinematic\145__2025-09-20__TSC_vs_Greenwood__DEFENSE_BUILD_UP__t821.00-t848.00_portrait_FINAL\follow\stabilized.mp4","C:\Users\scott\soccer-video\out\autoframe_work\cinematic\145__2025-09-20__TSC_vs_Greenwood__DEFENSE_BUILD_UP__t821.00-t848.00_portrait_FINAL\follow\stabilized.mp4"
"C6B4D4C030344E6C16E2C770830919B95FC98A1BE3A7FD4656E7F4CCEB59E9CA","portrait_branded","True","False","out\portrait_reels\branded\010__2025-09-20__TSC_vs_Greenwood__DEFENSE_BUILD_UP__t821.00-t848.00_portrait_POST.mp4","C:\Users\scott\soccer-video\out\portrait_reels\branded\010__2025-09-20__TSC_vs_Greenwood__DEFENSE_BUILD_UP__t821.00-t848.00_portrait_POST.mp4"
"3A35816D2859B88E15E6C161476049AE361903692AD0F74A621233DF0175D9B1","other","False","False","out\autoframe_work\cinematic\146__2025-09-20__TSC_vs_RVFC__PRESSURE_SHOT__t675.00-t689.00_portrait_FINAL\follow\stabilized.mp4","C:\Users\scott\soccer-video\out\autoframe_work\cinematic\146__2025-09-20__TSC_vs_RVFC__PRESSURE_SHOT__t675.00-t689.00_portrait_FINAL\follow\stabilized.mp4"
"3A35816D2859B88E15E6C161476049AE361903692AD0F74A621233DF0175D9B1","portrait_branded","True","False","out\portrait_reels\branded\010__2025-09-20__TSC_vs_RVFC__PRESSURE_SHOT__t675.00-t689.00_portrait_POST.mp4","C:\Users\scott\soccer-video\out\portrait_reels\branded\010__2025-09-20__TSC_vs_RVFC__PRESSURE_SHOT__t675.00-t689.00_portrait_POST.mp4"
"C4196DDF38FC1296FA1BEEB74B95B1FB589DBBE4AB4D537D67083F747F16F409","other","False","False","out\autoframe_work\cinematic\147__2025-10-04__TSC_vs_FC_Tulsa_Black__BUILD_UP_SHOT__t1058.00-t1080.00_portrait_FINAL\follow\stabilized.mp4","C:\Users\scott\soccer-video\out\autoframe_work\cinematic\147__2025-10-04__TSC_vs_FC_Tulsa_Black__BUILD_UP_SHOT__t1058.00-t1080.00_portrait_FINAL\follow\stabilized.mp4"
"C4196DDF38FC1296FA1BEEB74B95B1FB589DBBE4AB4D537D67083F747F16F409","portrait_branded","True","False","out\portrait_reels\branded\010__2025-10-04__TSC_vs_FC_Tulsa_Black__BUILD_UP_SHOT__t1058.00-t1080.00_portrait_POST.mp4","C:\Users\scott\soccer-video\out\portrait_reels\branded\010__2025-10-04__TSC_vs_FC_Tulsa_Black__BUILD_UP_SHOT__t1058.00-t1080.00_portrait_POST.mp4"
"3564AE86B40122EF62AA4AAD0B8A2A90959749F63FEA106B219B21F8E7925EA7","other","False","False","out\autoframe_work\cinematic\148__1970-01-01__HOME_vs_AWAY__SHOTS__t1655.00-t1670.30_portrait_FINAL\follow\stabilized.mp4","C:\Users\scott\soccer-video\out\autoframe_work\cinematic\148__1970-01-01__HOME_vs_AWAY__SHOTS__t1655.00-t1670.30_portrait_FINAL\follow\stabilized.mp4"
"3564AE86B40122EF62AA4AAD0B8A2A90959749F63FEA106B219B21F8E7925EA7","portrait_branded","True","False","out\portrait_reels\branded\011__SHOTS__t1655.00-t1670.30_portrait_POST.mp4","C:\Users\scott\soccer-video\out\portrait_reels\branded\011__SHOTS__t1655.00-t1670.30_portrait_POST.mp4"
"691C53A96F9254BE382C2155EC9DD605A5000EED070D65E15B3860C1F2C2D1D6","other","False","False","out\autoframe_work\cinematic\149__2025-09-20__TSC_vs_Greenwood__GOAL__t902.00-t913.00_portrait_FINAL\follow\stabilized.mp4","C:\Users\scott\soccer-video\out\autoframe_work\cinematic\149__2025-09-20__TSC_vs_Greenwood__GOAL__t902.00-t913.00_portrait_FINAL\follow\stabilized.mp4"
"691C53A96F9254BE382C2155EC9DD605A5000EED070D65E15B3860C1F2C2D1D6","portrait_branded","True","False","out\portrait_reels\branded\011__2025-09-20__TSC_vs_Greenwood__GOAL__t902.00-t913.00_portrait_POST.mp4","C:\Users\scott\soccer-video\out\portrait_reels\branded\011__2025-09-20__TSC_vs_Greenwood__GOAL__t902.00-t913.00_portrait_POST.mp4"
"14E2CAD338A98D4C4CDC593C9F031E02E85A1AF5AF306DA76B5B0E81BF13FB63","other","False","False","out\autoframe_work\cinematic\150__2025-09-20__TSC_vs_RVFC__PRESSURE_SHOT__t689.00-t702.00_portrait_FINAL\follow\stabilized.mp4","C:\Users\scott\soccer-video\out\autoframe_work\cinematic\150__2025-09-20__TSC_vs_RVFC__PRESSURE_SHOT__t689.00-t702.00_portrait_FINAL\follow\stabilized.mp4"
"14E2CAD338A98D4C4CDC593C9F031E02E85A1AF5AF306DA76B5B0E81BF13FB63","portrait_branded","True","False","out\portrait_reels\branded\011__2025-09-20__TSC_vs_RVFC__PRESSURE_SHOT__t689.00-t702.00_portrait_POST.mp4","C:\Users\scott\soccer-video\out\portrait_reels\branded\011__2025-09-20__TSC_vs_RVFC__PRESSURE_SHOT__t689.00-t702.00_portrait_POST.mp4"
"B3E748F778C007C8E836375509DF0D7BA689C06A2CDACD6093F89590FC81E285","other","False","False","out\autoframe_work\cinematic\151__2025-10-04__TSC_vs_FC_Tulsa_Black__BUILD_UP_SHOT__t1198.00-t1222.00_portrait_FINAL\follow\stabilized.mp4","C:\Users\scott\soccer-video\out\autoframe_work\cinematic\151__2025-10-04__TSC_vs_FC_Tulsa_Black__BUILD_UP_SHOT__t1198.00-t1222.00_portrait_FINAL\follow\stabilized.mp4"
"B3E748F778C007C8E836375509DF0D7BA689C06A2CDACD6093F89590FC81E285","portrait_branded","True","False","out\portrait_reels\branded\011__2025-10-04__TSC_vs_FC_Tulsa_Black__BUILD_UP_SHOT__t1198.00-t1222.00_portrait_POST.mp4","C:\Users\scott\soccer-video\out\portrait_reels\branded\011__2025-10-04__TSC_vs_FC_Tulsa_Black__BUILD_UP_SHOT__t1198.00-t1222.00_portrait_POST.mp4"
"7FD454B5B0930E4BB57AF1185DCD849E70F1AD166BDC473D2AA47B65CE000D68","other","False","False","out\autoframe_work\cinematic\152__1970-01-01__HOME_vs_AWAY__GOAL__t1705.20-t1708.50_portrait_FINAL\follow\stabilized.mp4","C:\Users\scott\soccer-video\out\autoframe_work\cinematic\152__1970-01-01__HOME_vs_AWAY__GOAL__t1705.20-t1708.50_portrait_FINAL\follow\stabilized.mp4"
"7FD454B5B0930E4BB57AF1185DCD849E70F1AD166BDC473D2AA47B65CE000D68","portrait_branded","True","False","out\portrait_reels\branded\012__GOAL__t1705.20-t1708.50_portrait_POST.mp4","C:\Users\scott\soccer-video\out\portrait_reels\branded\012__GOAL__t1705.20-t1708.50_portrait_POST.mp4"
"8CA96EC8D9369F3743E146D0816777EDCBD3EE848A7AA7AE8DC4E398FC48914D","other","False","False","out\autoframe_work\cinematic\153__2025-09-20__TSC_vs_Greenwood__BUILD_SHOT__t973.00-t987.00_portrait_FINAL\follow\stabilized.mp4","C:\Users\scott\soccer-video\out\autoframe_work\cinematic\153__2025-09-20__TSC_vs_Greenwood__BUILD_SHOT__t973.00-t987.00_portrait_FINAL\follow\stabilized.mp4"
"8CA96EC8D9369F3743E146D0816777EDCBD3EE848A7AA7AE8DC4E398FC48914D","portrait_branded","True","False","out\portrait_reels\branded\012__2025-09-20__TSC_vs_Greenwood__BUILD_SHOT__t973.00-t987.00_portrait_POST.mp4","C:\Users\scott\soccer-video\out\portrait_reels\branded\012__2025-09-20__TSC_vs_Greenwood__BUILD_SHOT__t973.00-t987.00_portrait_POST.mp4"
"6225EC6D83C3A34685E135FAF02FB62D3199CF5568A72FDDE37D66E0B5D6D8DA","other","False","False","out\autoframe_work\cinematic\154__2025-09-20__TSC_vs_RVFC__BUILD_UP_PLAY_SHOT__t746.00-t757.00_portrait_FINAL\follow\stabilized.mp4","C:\Users\scott\soccer-video\out\autoframe_work\cinematic\154__2025-09-20__TSC_vs_RVFC__BUILD_UP_PLAY_SHOT__t746.00-t757.00_portrait_FINAL\follow\stabilized.mp4"
"6225EC6D83C3A34685E135FAF02FB62D3199CF5568A72FDDE37D66E0B5D6D8DA","portrait_branded","True","False","out\portrait_reels\branded\012__2025-09-20__TSC_vs_RVFC__BUILD_UP_PLAY_SHOT__t746.00-t757.00_portrait_POST.mp4","C:\Users\scott\soccer-video\out\portrait_reels\branded\012__2025-09-20__TSC_vs_RVFC__BUILD_UP_PLAY_SHOT__t746.00-t757.00_portrait_POST.mp4"
"B2918F79BA700E735626A0B248DEE29F55F3C570A9465EB84E1E5777CCA357C0","other","False","False","out\autoframe_work\cinematic\155__2025-10-04__TSC_vs_FC_Tulsa_Black__PRESSURE_GOAL__t1239.00-t1253.00_portrait_FINAL\follow\stabilized.mp4","C:\Users\scott\soccer-video\out\autoframe_work\cinematic\155__2025-10-04__TSC_vs_FC_Tulsa_Black__PRESSURE_GOAL__t1239.00-t1253.00_portrait_FINAL\follow\stabilized.mp4"
"B2918F79BA700E735626A0B248DEE29F55F3C570A9465EB84E1E5777CCA357C0","portrait_branded","True","False","out\portrait_reels\branded\012__2025-10-04__TSC_vs_FC_Tulsa_Black__PRESSURE_GOAL__t1239.00-t1253.00_portrait_POST.mp4","C:\Users\scott\soccer-video\out\portrait_reels\branded\012__2025-10-04__TSC_vs_FC_Tulsa_Black__PRESSURE_GOAL__t1239.00-t1253.00_portrait_POST.mp4"
"6283926C3CA6725452EEE9876F012EE24FFFF481B4CF47B013AAC43AAD592306","other","False","False","out\autoframe_work\cinematic\156__1970-01-01__HOME_vs_AWAY__GOAL__t1767.50-t1772.60_portrait_FINAL\follow\stabilized.mp4","C:\Users\scott\soccer-video\out\autoframe_work\cinematic\156__1970-01-01__HOME_vs_AWAY__GOAL__t1767.50-t1772.60_portrait_FINAL\follow\stabilized.mp4"
"6283926C3CA6725452EEE9876F012EE24FFFF481B4CF47B013AAC43AAD592306","portrait_branded","True","False","out\portrait_reels\branded\013__GOAL__t1767.50-t1772.60_portrait_POST.mp4","C:\Users\scott\soccer-video\out\portrait_reels\branded\013__GOAL__t1767.50-t1772.60_portrait_POST.mp4"
"54A5EF465F1C56D3508E30E6F3952A2E4C2FEED6367A0566880907CBB387CF03","other","False","False","out\autoframe_work\cinematic\157__2025-09-20__TSC_vs_Greenwood__PRESSURE_SHOT__t988.00-t1001.00_portrait_FINAL\follow\stabilized.mp4","C:\Users\scott\soccer-video\out\autoframe_work\cinematic\157__2025-09-20__TSC_vs_Greenwood__PRESSURE_SHOT__t988.00-t1001.00_portrait_FINAL\follow\stabilized.mp4"
"54A5EF465F1C56D3508E30E6F3952A2E4C2FEED6367A0566880907CBB387CF03","portrait_branded","True","False","out\portrait_reels\branded\013__2025-09-20__TSC_vs_Greenwood__PRESSURE_SHOT__t988.00-t1001.00_portrait_POST.mp4","C:\Users\scott\soccer-video\out\portrait_reels\branded\013__2025-09-20__TSC_vs_Greenwood__PRESSURE_SHOT__t988.00-t1001.00_portrait_POST.mp4"
"0A1BB8AB8B5698DFBE7B3EBF6DF4A47B1A5348F6D40FFF8BBFBE450E6E536FBB","other","False","False","out\autoframe_work\cinematic\158__2025-09-20__TSC_vs_RVFC__BUILD_UP_PLAY_SHOT__t821.00-t865.00_portrait_FINAL\follow\stabilized.mp4","C:\Users\scott\soccer-video\out\autoframe_work\cinematic\158__2025-09-20__TSC_vs_RVFC__BUILD_UP_PLAY_SHOT__t821.00-t865.00_portrait_FINAL\follow\stabilized.mp4"
"0A1BB8AB8B5698DFBE7B3EBF6DF4A47B1A5348F6D40FFF8BBFBE450E6E536FBB","portrait_branded","True","False","out\portrait_reels\branded\013__2025-09-20__TSC_vs_RVFC__BUILD_UP_PLAY_SHOT__t821.00-t865.00_portrait_POST.mp4","C:\Users\scott\soccer-video\out\portrait_reels\branded\013__2025-09-20__TSC_vs_RVFC__BUILD_UP_PLAY_SHOT__t821.00-t865.00_portrait_POST.mp4"
"91C25B14764FB6E90A269815F3E4ACFC2AA7E4269E5630AF1E38396258397F0E","other","False","False","out\autoframe_work\cinematic\159__2025-10-04__TSC_vs_FC_Tulsa_Black__BUILD_UP_PLAY__t1290.00-t1306.00_portrait_FINAL\follow\stabilized.mp4","C:\Users\scott\soccer-video\out\autoframe_work\cinematic\159__2025-10-04__TSC_vs_FC_Tulsa_Black__BUILD_UP_PLAY__t1290.00-t1306.00_portrait_FINAL\follow\stabilized.mp4"
"91C25B14764FB6E90A269815F3E4ACFC2AA7E4269E5630AF1E38396258397F0E","portrait_branded","True","False","out\portrait_reels\branded\013__2025-10-04__TSC_vs_FC_Tulsa_Black__BUILD_UP_PLAY__t1290.00-t1306.00_portrait_POST.mp4","C:\Users\scott\soccer-video\out\portrait_reels\branded\013__2025-10-04__TSC_vs_FC_Tulsa_Black__BUILD_UP_PLAY__t1290.00-t1306.00_portrait_POST.mp4"
"B801083EFBDB9896C970ED9524CDFAFB422FC555D3D3FCA5C67113B0BA08A7D3","other","False","False","out\autoframe_work\cinematic\160__1970-01-01__HOME_vs_AWAY__GOAL__t1904.20-t1925.20_portrait_FINAL\follow\stabilized.mp4","C:\Users\scott\soccer-video\out\autoframe_work\cinematic\160__1970-01-01__HOME_vs_AWAY__GOAL__t1904.20-t1925.20_portrait_FINAL\follow\stabilized.mp4"
"B801083EFBDB9896C970ED9524CDFAFB422FC555D3D3FCA5C67113B0BA08A7D3","portrait_branded","True","False","out\portrait_reels\branded\014__GOAL__t1904.20-t1925.20_portrait_POST.mp4","C:\Users\scott\soccer-video\out\portrait_reels\branded\014__GOAL__t1904.20-t1925.20_portrait_POST.mp4"
"FF8663CE24E158727BA2881500B1D2DD4694F72E6D8AFB63FA8E3E615F9B10CE","other","False","False","out\autoframe_work\cinematic\161__2025-09-20__TSC_vs_Greenwood__PRESSURE_SHOT__t1063.00-t1073.00_portrait_FINAL\follow\stabilized.mp4","C:\Users\scott\soccer-video\out\autoframe_work\cinematic\161__2025-09-20__TSC_vs_Greenwood__PRESSURE_SHOT__t1063.00-t1073.00_portrait_FINAL\follow\stabilized.mp4"
"FF8663CE24E158727BA2881500B1D2DD4694F72E6D8AFB63FA8E3E615F9B10CE","portrait_branded","True","False","out\portrait_reels\branded\014__2025-09-20__TSC_vs_Greenwood__PRESSURE_SHOT__t1063.00-t1073.00_portrait_POST.mp4","C:\Users\scott\soccer-video\out\portrait_reels\branded\014__2025-09-20__TSC_vs_Greenwood__PRESSURE_SHOT__t1063.00-t1073.00_portrait_POST.mp4"
"F5CBD0D59FC3690D50112AD7DF738BE426C76CB44110FBB70E67778BF300380C","other","False","False","out\autoframe_work\cinematic\162__2025-09-20__TSC_vs_RVFC__DEFENSE_BUILD_UP__t880.00-t897.00_portrait_FINAL\follow\stabilized.mp4","C:\Users\scott\soccer-video\out\autoframe_work\cinematic\162__2025-09-20__TSC_vs_RVFC__DEFENSE_BUILD_UP__t880.00-t897.00_portrait_FINAL\follow\stabilized.mp4"
"F5CBD0D59FC3690D50112AD7DF738BE426C76CB44110FBB70E67778BF300380C","portrait_branded","True","False","out\portrait_reels\branded\014__2025-09-20__TSC_vs_RVFC__DEFENSE_BUILD_UP__t880.00-t897.00_portrait_POST.mp4","C:\Users\scott\soccer-video\out\portrait_reels\branded\014__2025-09-20__TSC_vs_RVFC__DEFENSE_BUILD_UP__t880.00-t897.00_portrait_POST.mp4"
"24F65B77E2E417287FEFB7E5B5C562131FB60B67F2EBB5B8B72F7D3E4B293C5A","other","False","False","out\autoframe_work\cinematic\163__2025-10-04__TSC_vs_FC_Tulsa_Black__SHOT__t1626.00-t1637.00_portrait_FINAL\follow\stabilized.mp4","C:\Users\scott\soccer-video\out\autoframe_work\cinematic\163__2025-10-04__TSC_vs_FC_Tulsa_Black__SHOT__t1626.00-t1637.00_portrait_FINAL\follow\stabilized.mp4"
"24F65B77E2E417287FEFB7E5B5C562131FB60B67F2EBB5B8B72F7D3E4B293C5A","portrait_branded","True","False","out\portrait_reels\branded\014__2025-10-04__TSC_vs_FC_Tulsa_Black__SHOT__t1626.00-t1637.00_portrait_POST.mp4","C:\Users\scott\soccer-video\out\portrait_reels\branded\014__2025-10-04__TSC_vs_FC_Tulsa_Black__SHOT__t1626.00-t1637.00_portrait_POST.mp4"
"7C2547AB434CD39AC5A4452373F589BB95FF14B60AF99EC9EAE85F86C3D7098E","other","False","False","out\autoframe_work\cinematic\164__1970-01-01__HOME_vs_AWAY__DRIBBLING__t1972.50-t1980.70_portrait_FINAL\follow\stabilized.mp4","C:\Users\scott\soccer-video\out\autoframe_work\cinematic\164__1970-01-01__HOME_vs_AWAY__DRIBBLING__t1972.50-t1980.70_portrait_FINAL\follow\stabilized.mp4"
"7C2547AB434CD39AC5A4452373F589BB95FF14B60AF99EC9EAE85F86C3D7098E","portrait_branded","True","False","out\portrait_reels\branded\015__DRIBBLING__t1972.50-t1980.70_portrait_POST.mp4","C:\Users\scott\soccer-video\out\portrait_reels\branded\015__DRIBBLING__t1972.50-t1980.70_portrait_POST.mp4"
"C0AA6C72683A68262FFAD8A278CB1EE05ADB98A4747709DD8F386676CFDED1E3","other","False","False","out\autoframe_work\cinematic\165__2025-09-20__TSC_vs_Greenwood__SHOT__t1081.00-t1088.00_portrait_FINAL\follow\stabilized.mp4","C:\Users\scott\soccer-video\out\autoframe_work\cinematic\165__2025-09-20__TSC_vs_Greenwood__SHOT__t1081.00-t1088.00_portrait_FINAL\follow\stabilized.mp4"
"C0AA6C72683A68262FFAD8A278CB1EE05ADB98A4747709DD8F386676CFDED1E3","portrait_branded","True","False","out\portrait_reels\branded\015__2025-09-20__TSC_vs_Greenwood__SHOT__t1081.00-t1088.00_portrait_POST.mp4","C:\Users\scott\soccer-video\out\portrait_reels\branded\015__2025-09-20__TSC_vs_Greenwood__SHOT__t1081.00-t1088.00_portrait_POST.mp4"
"1D9829A1CB0ED69454FDD44C453325F78CBB6E94253F9DDDC77C6C7A8267B8E8","other","False","False","out\autoframe_work\cinematic\166__2025-09-20__TSC_vs_RVFC__SHOT__t930.00-t937.00_portrait_FINAL\follow\stabilized.mp4","C:\Users\scott\soccer-video\out\autoframe_work\cinematic\166__2025-09-20__TSC_vs_RVFC__SHOT__t930.00-t937.00_portrait_FINAL\follow\stabilized.mp4"
"1D9829A1CB0ED69454FDD44C453325F78CBB6E94253F9DDDC77C6C7A8267B8E8","portrait_branded","True","False","out\portrait_reels\branded\015__2025-09-20__TSC_vs_RVFC__SHOT__t930.00-t937.00_portrait_POST.mp4","C:\Users\scott\soccer-video\out\portrait_reels\branded\015__2025-09-20__TSC_vs_RVFC__SHOT__t930.00-t937.00_portrait_POST.mp4"
"733A046F9401F282F08C66AA994114D2990D400463C5DDC34549611772618821","other","False","False","out\autoframe_work\cinematic\167__2025-10-04__TSC_vs_FC_Tulsa_Black__BUILD_UP_SHOT__t1705.00-t1721.00_portrait_FINAL\follow\stabilized.mp4","C:\Users\scott\soccer-video\out\autoframe_work\cinematic\167__2025-10-04__TSC_vs_FC_Tulsa_Black__BUILD_UP_SHOT__t1705.00-t1721.00_portrait_FINAL\follow\stabilized.mp4"
"733A046F9401F282F08C66AA994114D2990D400463C5DDC34549611772618821","portrait_branded","True","False","out\portrait_reels\branded\015__2025-10-04__TSC_vs_FC_Tulsa_Black__BUILD_UP_SHOT__t1705.00-t1721.00_portrait_POST.mp4","C:\Users\scott\soccer-video\out\portrait_reels\branded\015__2025-10-04__TSC_vs_FC_Tulsa_Black__BUILD_UP_SHOT__t1705.00-t1721.00_portrait_POST.mp4"
"EBD369D901F2C4AABCF1F6404888B3CCFFBB269113D7DAAE00D49D0BE9933550","other","False","False","out\autoframe_work\cinematic\168__1970-01-01__HOME_vs_AWAY__SHOT__t2029.90-t2039.50_portrait_FINAL\follow\stabilized.mp4","C:\Users\scott\soccer-video\out\autoframe_work\cinematic\168__1970-01-01__HOME_vs_AWAY__SHOT__t2029.90-t2039.50_portrait_FINAL\follow\stabilized.mp4"
"EBD369D901F2C4AABCF1F6404888B3CCFFBB269113D7DAAE00D49D0BE9933550","portrait_branded","True","False","out\portrait_reels\branded\016__SHOT__t2029.90-t2039.50_portrait_POST.mp4","C:\Users\scott\soccer-video\out\portrait_reels\branded\016__SHOT__t2029.90-t2039.50_portrait_POST.mp4"
"2288AE6D9969583094FF90C59F53CA33A1C11A62A40842F8448C454A9C6C64D3","other","False","False","out\autoframe_work\cinematic\169__2025-09-20__TSC_vs_Greenwood__BUILD_UP_PLAY_SHOT__t1195.00-t1209.00_portrait_FINAL\follow\stabilized.mp4","C:\Users\scott\soccer-video\out\autoframe_work\cinematic\169__2025-09-20__TSC_vs_Greenwood__BUILD_UP_PLAY_SHOT__t1195.00-t1209.00_portrait_FINAL\follow\stabilized.mp4"
"2288AE6D9969583094FF90C59F53CA33A1C11A62A40842F8448C454A9C6C64D3","portrait_branded","True","False","out\portrait_reels\branded\016__2025-09-20__TSC_vs_Greenwood__BUILD_UP_PLAY_SHOT__t1195.00-t1209.00_portrait_POST.mp4","C:\Users\scott\soccer-video\out\portrait_reels\branded\016__2025-09-20__TSC_vs_Greenwood__BUILD_UP_PLAY_SHOT__t1195.00-t1209.00_portrait_POST.mp4"
"C555937FAF00B2651B764A00B3BFCDD736D7510184689422C13808A5BCA622D1","other","False","False","out\autoframe_work\cinematic\170__2025-09-20__TSC_vs_RVFC__BUILD_UP_PLAY_SHOT__t999.00-t1022.00_portrait_FINAL\follow\stabilized.mp4","C:\Users\scott\soccer-video\out\autoframe_work\cinematic\170__2025-09-20__TSC_vs_RVFC__BUILD_UP_PLAY_SHOT__t999.00-t1022.00_portrait_FINAL\follow\stabilized.mp4"
"C555937FAF00B2651B764A00B3BFCDD736D7510184689422C13808A5BCA622D1","portrait_branded","True","False","out\portrait_reels\branded\016__2025-09-20__TSC_vs_RVFC__BUILD_UP_PLAY_SHOT__t999.00-t1022.00_portrait_POST.mp4","C:\Users\scott\soccer-video\out\portrait_reels\branded\016__2025-09-20__TSC_vs_RVFC__BUILD_UP_PLAY_SHOT__t999.00-t1022.00_portrait_POST.mp4"
"E958AB92849C5C310D5CC3EEFE3B0E112E08BA454210CE1A3D010FF509825343","other","False","False","out\autoframe_work\cinematic\171__1970-01-01__HOME_vs_AWAY__SHOT__t2284.90-t2298.20_portrait_FINAL\follow\stabilized.mp4","C:\Users\scott\soccer-video\out\autoframe_work\cinematic\171__1970-01-01__HOME_vs_AWAY__SHOT__t2284.90-t2298.20_portrait_FINAL\follow\stabilized.mp4"
"E958AB92849C5C310D5CC3EEFE3B0E112E08BA454210CE1A3D010FF509825343","portrait_branded","True","False","out\portrait_reels\branded\017__SHOT__t2284.90-t2298.20_portrait_POST.mp4","C:\Users\scott\soccer-video\out\portrait_reels\branded\017__SHOT__t2284.90-t2298.20_portrait_POST.mp4"
"336BA81586C933EC559EDC82C96124765C2A214381F2A5617C2CFB28FFBA11AD","other","False","False","out\autoframe_work\cinematic\172__2025-09-20__TSC_vs_Greenwood__PRESSURE_SHOT__t1212.00-t1224.00_portrait_FINAL\follow\stabilized.mp4","C:\Users\scott\soccer-video\out\autoframe_work\cinematic\172__2025-09-20__TSC_vs_Greenwood__PRESSURE_SHOT__t1212.00-t1224.00_portrait_FINAL\follow\stabilized.mp4"
"336BA81586C933EC559EDC82C96124765C2A214381F2A5617C2CFB28FFBA11AD","portrait_branded","True","False","out\portrait_reels\branded\017__2025-09-20__TSC_vs_Greenwood__PRESSURE_SHOT__t1212.00-t1224.00_portrait_POST.mp4","C:\Users\scott\soccer-video\out\portrait_reels\branded\017__2025-09-20__TSC_vs_Greenwood__PRESSURE_SHOT__t1212.00-t1224.00_portrait_POST.mp4"
"AF34F8B5F76E1222F59A5E41ABD33C6CFC26E054E9C20043475739F536CF67CA","other","False","False","out\autoframe_work\cinematic\173__2025-09-20__TSC_vs_RVFC__BUILD_UP_PLAY_SHOT__t1088.00-t1124.00_portrait_FINAL\follow\stabilized.mp4","C:\Users\scott\soccer-video\out\autoframe_work\cinematic\173__2025-09-20__TSC_vs_RVFC__BUILD_UP_PLAY_SHOT__t1088.00-t1124.00_portrait_FINAL\follow\stabilized.mp4"
"AF34F8B5F76E1222F59A5E41ABD33C6CFC26E054E9C20043475739F536CF67CA","portrait_branded","True","False","out\portrait_reels\branded\017__2025-09-20__TSC_vs_RVFC__BUILD_UP_PLAY_SHOT__t1088.00-t1124.00_portrait_POST.mp4","C:\Users\scott\soccer-video\out\portrait_reels\branded\017__2025-09-20__TSC_vs_RVFC__BUILD_UP_PLAY_SHOT__t1088.00-t1124.00_portrait_POST.mp4"
"7A1487D806B36BF01DDA8239E550D06F6F8E0F15A4FF6D21ECE14E190DBCA034","other","False","False","out\autoframe_work\cinematic\174__1970-01-01__HOME_vs_AWAY__SHOT__t2419.50-t2425.60_portrait_FINAL\follow\stabilized.mp4","C:\Users\scott\soccer-video\out\autoframe_work\cinematic\174__1970-01-01__HOME_vs_AWAY__SHOT__t2419.50-t2425.60_portrait_FINAL\follow\stabilized.mp4"
"7A1487D806B36BF01DDA8239E550D06F6F8E0F15A4FF6D21ECE14E190DBCA034","portrait_branded","True","False","out\portrait_reels\branded\018__SHOT__t2419.50-t2425.60_portrait_POST.mp4","C:\Users\scott\soccer-video\out\portrait_reels\branded\018__SHOT__t2419.50-t2425.60_portrait_POST.mp4"
"11801FED8175168D5056B02168837A607742E3A6CB8BF3D384E50E27C4BDB0CE","other","False","False","out\autoframe_work\cinematic\175__2025-09-20__TSC_vs_Greenwood__BUILD_UP_PLAY_GOAL__t1292.00-t1329.00_portrait_FINAL\follow\stabilized.mp4","C:\Users\scott\soccer-video\out\autoframe_work\cinematic\175__2025-09-20__TSC_vs_Greenwood__BUILD_UP_PLAY_GOAL__t1292.00-t1329.00_portrait_FINAL\follow\stabilized.mp4"
"11801FED8175168D5056B02168837A607742E3A6CB8BF3D384E50E27C4BDB0CE","portrait_branded","True","False","out\portrait_reels\branded\018__2025-09-20__TSC_vs_Greenwood__BUILD_UP_PLAY_GOAL__t1292.00-t1329.00_portrait_POST.mp4","C:\Users\scott\soccer-video\out\portrait_reels\branded\018__2025-09-20__TSC_vs_Greenwood__BUILD_UP_PLAY_GOAL__t1292.00-t1329.00_portrait_POST.mp4"
"892D85B9D8A77863949A3D1A4BE2A8F6B379FC055A5837F3C28DBE3DEC8B7672","other","False","False","out\autoframe_work\cinematic\176__2025-09-20__TSC_vs_RVFC__DRIBBLING_SHOT__t1147.00-t1153.00_portrait_FINAL\follow\stabilized.mp4","C:\Users\scott\soccer-video\out\autoframe_work\cinematic\176__2025-09-20__TSC_vs_RVFC__DRIBBLING_SHOT__t1147.00-t1153.00_portrait_FINAL\follow\stabilized.mp4"
"892D85B9D8A77863949A3D1A4BE2A8F6B379FC055A5837F3C28DBE3DEC8B7672","portrait_branded","True","False","out\portrait_reels\branded\018__2025-09-20__TSC_vs_RVFC__DRIBBLING_SHOT__t1147.00-t1153.00_portrait_POST.mp4","C:\Users\scott\soccer-video\out\portrait_reels\branded\018__2025-09-20__TSC_vs_RVFC__DRIBBLING_SHOT__t1147.00-t1153.00_portrait_POST.mp4"
"C0721880A72C7A94D25F706DBCC6DA9CC6D012C2411D4D5A9D5CAD6049C02CB5","other","False","False","out\autoframe_work\cinematic\177__1970-01-01__HOME_vs_AWAY__SHOT__t2633.00-t2638.10_portrait_FINAL\follow\stabilized.mp4","C:\Users\scott\soccer-video\out\autoframe_work\cinematic\177__1970-01-01__HOME_vs_AWAY__SHOT__t2633.00-t2638.10_portrait_FINAL\follow\stabilized.mp4"
"C0721880A72C7A94D25F706DBCC6DA9CC6D012C2411D4D5A9D5CAD6049C02CB5","portrait_branded","True","False","out\portrait_reels\branded\019__SHOT__t2633.00-t2638.10_portrait_POST.mp4","C:\Users\scott\soccer-video\out\portrait_reels\branded\019__SHOT__t2633.00-t2638.10_portrait_POST.mp4"
"47B47223AE34EDCBD9CA1A145510419E2CBFAF6CF85531042A9A7DC8521E231B","other","False","False","out\autoframe_work\cinematic\178__2025-09-20__TSC_vs_Greenwood__PRESSURE_SHOT__t1369.00-t1383.00_portrait_FINAL\follow\stabilized.mp4","C:\Users\scott\soccer-video\out\autoframe_work\cinematic\178__2025-09-20__TSC_vs_Greenwood__PRESSURE_SHOT__t1369.00-t1383.00_portrait_FINAL\follow\stabilized.mp4"
"47B47223AE34EDCBD9CA1A145510419E2CBFAF6CF85531042A9A7DC8521E231B","portrait_branded","True","False","out\portrait_reels\branded\019__2025-09-20__TSC_vs_Greenwood__PRESSURE_SHOT__t1369.00-t1383.00_portrait_POST.mp4","C:\Users\scott\soccer-video\out\portrait_reels\branded\019__2025-09-20__TSC_vs_Greenwood__PRESSURE_SHOT__t1369.00-t1383.00_portrait_POST.mp4"
"FBBE65B0EAD99738DB7E1C430F0A8214752668B4F8FCB901A57983360325E95F","other","False","False","out\autoframe_work\cinematic\179__2025-09-20__TSC_vs_RVFC__BUILD_UP_PLAY_SHOT__t1158.00-t1182.00_portrait_FINAL\follow\stabilized.mp4","C:\Users\scott\soccer-video\out\autoframe_work\cinematic\179__2025-09-20__TSC_vs_RVFC__BUILD_UP_PLAY_SHOT__t1158.00-t1182.00_portrait_FINAL\follow\stabilized.mp4"
"FBBE65B0EAD99738DB7E1C430F0A8214752668B4F8FCB901A57983360325E95F","portrait_branded","True","False","out\portrait_reels\branded\019__2025-09-20__TSC_vs_RVFC__BUILD_UP_PLAY_SHOT__t1158.00-t1182.00_portrait_POST.mp4","C:\Users\scott\soccer-video\out\portrait_reels\branded\019__2025-09-20__TSC_vs_RVFC__BUILD_UP_PLAY_SHOT__t1158.00-t1182.00_portrait_POST.mp4"
"E360043510B7CB5E434B0C37ECAD9B85FD20E478B44BD4250DC76F7A7AFFFA84","other","False","False","out\autoframe_work\cinematic\180__1970-01-01__HOME_vs_AWAY__GOAL__t2816.60-t2831.80_portrait_FINAL\follow\stabilized.mp4","C:\Users\scott\soccer-video\out\autoframe_work\cinematic\180__1970-01-01__HOME_vs_AWAY__GOAL__t2816.60-t2831.80_portrait_FINAL\follow\stabilized.mp4"
"E360043510B7CB5E434B0C37ECAD9B85FD20E478B44BD4250DC76F7A7AFFFA84","portrait_branded","True","False","out\portrait_reels\branded\020__GOAL__t2816.60-t2831.80_portrait_POST.mp4","C:\Users\scott\soccer-video\out\portrait_reels\branded\020__GOAL__t2816.60-t2831.80_portrait_POST.mp4"
"41CC4DB21ED662CDDB879E101DB3FDA8E5C721D2F26A87ECE9FCF51A33367820","other","False","False","out\autoframe_work\cinematic\181__2025-09-20__TSC_vs_Greenwood__PRESSURE_SHOT__t1393.00-t1409.00_portrait_FINAL\follow\stabilized.mp4","C:\Users\scott\soccer-video\out\autoframe_work\cinematic\181__2025-09-20__TSC_vs_Greenwood__PRESSURE_SHOT__t1393.00-t1409.00_portrait_FINAL\follow\stabilized.mp4"
"41CC4DB21ED662CDDB879E101DB3FDA8E5C721D2F26A87ECE9FCF51A33367820","portrait_branded","True","False","out\portrait_reels\branded\020__2025-09-20__TSC_vs_Greenwood__PRESSURE_SHOT__t1393.00-t1409.00_portrait_POST.mp4","C:\Users\scott\soccer-video\out\portrait_reels\branded\020__2025-09-20__TSC_vs_Greenwood__PRESSURE_SHOT__t1393.00-t1409.00_portrait_POST.mp4"
"7AAB76E19B6634E55B64742C19367E1A6AC86F390D932C0731F58F7958457649","other","False","False","out\autoframe_work\cinematic\182__2025-09-20__TSC_vs_RVFC__SHOT__t1236.00-t1243.00_portrait_FINAL\follow\stabilized.mp4","C:\Users\scott\soccer-video\out\autoframe_work\cinematic\182__2025-09-20__TSC_vs_RVFC__SHOT__t1236.00-t1243.00_portrait_FINAL\follow\stabilized.mp4"
"7AAB76E19B6634E55B64742C19367E1A6AC86F390D932C0731F58F7958457649","portrait_branded","True","False","out\portrait_reels\branded\020__2025-09-20__TSC_vs_RVFC__SHOT__t1236.00-t1243.00_portrait_POST.mp4","C:\Users\scott\soccer-video\out\portrait_reels\branded\020__2025-09-20__TSC_vs_RVFC__SHOT__t1236.00-t1243.00_portrait_POST.mp4"
"6BE99E4C54FCAABFD9E5F4B72E3E4620CE5A3A4B7AC57BFB3A64E69DB9ECE06C","other","False","False","out\autoframe_work\cinematic\183__1970-01-01__HOME_vs_AWAY__SHOT__t2860.70-t2873.00_portrait_FINAL\follow\stabilized.mp4","C:\Users\scott\soccer-video\out\autoframe_work\cinematic\183__1970-01-01__HOME_vs_AWAY__SHOT__t2860.70-t2873.00_portrait_FINAL\follow\stabilized.mp4"
"6BE99E4C54FCAABFD9E5F4B72E3E4620CE5A3A4B7AC57BFB3A64E69DB9ECE06C","portrait_branded","True","False","out\portrait_reels\branded\021__SHOT__t2860.70-t2873.00_portrait_POST.mp4","C:\Users\scott\soccer-video\out\portrait_reels\branded\021__SHOT__t2860.70-t2873.00_portrait_POST.mp4"
"5B1544D2375FCD6ADA7AE41D052D75148C4DF096130E5BB1A01D6BEE9D29F59C","other","False","False","out\autoframe_work\cinematic\184__2025-09-20__TSC_vs_Greenwood__BUILD_UP_PLAY_SHOT__t1437.00-t1472.00_portrait_FINAL\follow\stabilized.mp4","C:\Users\scott\soccer-video\out\autoframe_work\cinematic\184__2025-09-20__TSC_vs_Greenwood__BUILD_UP_PLAY_SHOT__t1437.00-t1472.00_portrait_FINAL\follow\stabilized.mp4"
"5B1544D2375FCD6ADA7AE41D052D75148C4DF096130E5BB1A01D6BEE9D29F59C","portrait_branded","True","False","out\portrait_reels\branded\021__2025-09-20__TSC_vs_Greenwood__BUILD_UP_PLAY_SHOT__t1437.00-t1472.00_portrait_POST.mp4","C:\Users\scott\soccer-video\out\portrait_reels\branded\021__2025-09-20__TSC_vs_Greenwood__BUILD_UP_PLAY_SHOT__t1437.00-t1472.00_portrait_POST.mp4"
"B38ED80566ABC277AC25F0C366976D64F9FF7B59E3E8AA978B0CDF3259AC0606","other","False","False","out\autoframe_work\cinematic\185__2025-09-20__TSC_vs_RVFC__CROSS__t1275.00-t1293.00_portrait_FINAL\follow\stabilized.mp4","C:\Users\scott\soccer-video\out\autoframe_work\cinematic\185__2025-09-20__TSC_vs_RVFC__CROSS__t1275.00-t1293.00_portrait_FINAL\follow\stabilized.mp4"
"B38ED80566ABC277AC25F0C366976D64F9FF7B59E3E8AA978B0CDF3259AC0606","portrait_branded","True","False","out\portrait_reels\branded\021__2025-09-20__TSC_vs_RVFC__CROSS__t1275.00-t1293.00_portrait_POST.mp4","C:\Users\scott\soccer-video\out\portrait_reels\branded\021__2025-09-20__TSC_vs_RVFC__CROSS__t1275.00-t1293.00_portrait_POST.mp4"
"0C158ED7FA0342C80462E7060578A73A0AB0A428B6406E1F06CE08C7E90C1C82","other","False","False","out\autoframe_work\cinematic\186__2025-09-20__TSC_vs_Greenwood__GOAL__t1578.00-t1586.00_portrait_FINAL\follow\stabilized.mp4","C:\Users\scott\soccer-video\out\autoframe_work\cinematic\186__2025-09-20__TSC_vs_Greenwood__GOAL__t1578.00-t1586.00_portrait_FINAL\follow\stabilized.mp4"
"0C158ED7FA0342C80462E7060578A73A0AB0A428B6406E1F06CE08C7E90C1C82","portrait_branded","True","False","out\portrait_reels\branded\022__2025-09-20__TSC_vs_Greenwood__GOAL__t1578.00-t1586.00_portrait_POST.mp4","C:\Users\scott\soccer-video\out\portrait_reels\branded\022__2025-09-20__TSC_vs_Greenwood__GOAL__t1578.00-t1586.00_portrait_POST.mp4"
"2BD5B59180F082271E871C60D51F99C3741C72E294BD215C6443F99A0094E2AF","other","False","False","out\autoframe_work\cinematic\187__2025-09-20__TSC_vs_RVFC__PRESSURE_SHOT__t1300.00-t1310.00_portrait_FINAL\follow\stabilized.mp4","C:\Users\scott\soccer-video\out\autoframe_work\cinematic\187__2025-09-20__TSC_vs_RVFC__PRESSURE_SHOT__t1300.00-t1310.00_portrait_FINAL\follow\stabilized.mp4"
"2BD5B59180F082271E871C60D51F99C3741C72E294BD215C6443F99A0094E2AF","portrait_branded","True","False","out\portrait_reels\branded\022__2025-09-20__TSC_vs_RVFC__PRESSURE_SHOT__t1300.00-t1310.00_portrait_POST.mp4","C:\Users\scott\soccer-video\out\portrait_reels\branded\022__2025-09-20__TSC_vs_RVFC__PRESSURE_SHOT__t1300.00-t1310.00_portrait_POST.mp4"
"7BD6926616FEB2BFDD073CBA317898CFF5B18686A804574853B4CF628167192A","other","False","False","out\autoframe_work\cinematic\188__1970-01-01__HOME_vs_AWAY__SHOT__t3028.10-t3059.70_portrait_FINAL\follow\stabilized.mp4","C:\Users\scott\soccer-video\out\autoframe_work\cinematic\188__1970-01-01__HOME_vs_AWAY__SHOT__t3028.10-t3059.70_portrait_FINAL\follow\stabilized.mp4"
"7BD6926616FEB2BFDD073CBA317898CFF5B18686A804574853B4CF628167192A","portrait_branded","True","False","out\portrait_reels\branded\022__SHOT__t3028.10-t3059.70_portrait_POST.mp4","C:\Users\scott\soccer-video\out\portrait_reels\branded\022__SHOT__t3028.10-t3059.70_portrait_POST.mp4"
"D1C307ED5BBD03AED511ECC99A51DF72713307C23B3B37872810C6AE5C908441","other","False","False","out\autoframe_work\cinematic\189__2025-09-13__TSC_vs_NEOFC__SHOT__t3098.90-t3108.80_portrait_FINAL\follow\stabilized.mp4","C:\Users\scott\soccer-video\out\autoframe_work\cinematic\189__2025-09-13__TSC_vs_NEOFC__SHOT__t3098.90-t3108.80_portrait_FINAL\follow\stabilized.mp4"
"D1C307ED5BBD03AED511ECC99A51DF72713307C23B3B37872810C6AE5C908441","portrait_branded","True","False","out\portrait_reels\branded\023__2025-09-13__TSC_vs_NEOFC__SHOT__t3098.90-t3108.80_portrait_POST.mp4","C:\Users\scott\soccer-video\out\portrait_reels\branded\023__2025-09-13__TSC_vs_NEOFC__SHOT__t3098.90-t3108.80_portrait_POST.mp4"
"3D7D65B9964A16BF7A0EBC9277879458B992BB25F1CD844AFD06F83C396647EE","other","False","False","out\autoframe_work\cinematic\190__2025-09-20__TSC_vs_Greenwood__BUILD_UP_PLAY_SHOT__t1711.00-t1722.00_portrait_FINAL\follow\stabilized.mp4","C:\Users\scott\soccer-video\out\autoframe_work\cinematic\190__2025-09-20__TSC_vs_Greenwood__BUILD_UP_PLAY_SHOT__t1711.00-t1722.00_portrait_FINAL\follow\stabilized.mp4"
"3D7D65B9964A16BF7A0EBC9277879458B992BB25F1CD844AFD06F83C396647EE","portrait_branded","True","False","out\portrait_reels\branded\023__2025-09-20__TSC_vs_Greenwood__BUILD_UP_PLAY_SHOT__t1711.00-t1722.00_portrait_POST.mp4","C:\Users\scott\soccer-video\out\portrait_reels\branded\023__2025-09-20__TSC_vs_Greenwood__BUILD_UP_PLAY_SHOT__t1711.00-t1722.00_portrait_POST.mp4"
"B31CBD7D992E4CD8A6BDF02C0C9BD0486AA895AA79D8D54C4912AED0579F5DD8","other","False","False","out\autoframe_work\cinematic\191__2025-09-20__TSC_vs_RVFC__PRESSURE_SHOT__t1316.00-t1329.00_portrait_FINAL\follow\stabilized.mp4","C:\Users\scott\soccer-video\out\autoframe_work\cinematic\191__2025-09-20__TSC_vs_RVFC__PRESSURE_SHOT__t1316.00-t1329.00_portrait_FINAL\follow\stabilized.mp4"
"B31CBD7D992E4CD8A6BDF02C0C9BD0486AA895AA79D8D54C4912AED0579F5DD8","portrait_branded","True","False","out\portrait_reels\branded\023__2025-09-20__TSC_vs_RVFC__PRESSURE_SHOT__t1316.00-t1329.00_portrait_POST.mp4","C:\Users\scott\soccer-video\out\portrait_reels\branded\023__2025-09-20__TSC_vs_RVFC__PRESSURE_SHOT__t1316.00-t1329.00_portrait_POST.mp4"
"3C438F1CE1623937059407CE751ACB67BC15464277BCCBB4EC948DD4219C4D1E","other","False","False","out\autoframe_work\cinematic\192__2025-09-20__TSC_vs_Greenwood__PRESSURE_SHOT__t1871.00-t1881.00_portrait_FINAL\follow\stabilized.mp4","C:\Users\scott\soccer-video\out\autoframe_work\cinematic\192__2025-09-20__TSC_vs_Greenwood__PRESSURE_SHOT__t1871.00-t1881.00_portrait_FINAL\follow\stabilized.mp4"
"3C438F1CE1623937059407CE751ACB67BC15464277BCCBB4EC948DD4219C4D1E","portrait_branded","True","False","out\portrait_reels\branded\024__2025-09-20__TSC_vs_Greenwood__PRESSURE_SHOT__t1871.00-t1881.00_portrait_POST.mp4","C:\Users\scott\soccer-video\out\portrait_reels\branded\024__2025-09-20__TSC_vs_Greenwood__PRESSURE_SHOT__t1871.00-t1881.00_portrait_POST.mp4"
"441456DBF53C68BF8FAB768D66CA943118372501BFF803C7C24609043B166086","other","False","False","out\autoframe_work\cinematic\193__2025-09-20__TSC_vs_RVFC__FREE_KICK__t1402.00-t1421.00_portrait_FINAL\follow\stabilized.mp4","C:\Users\scott\soccer-video\out\autoframe_work\cinematic\193__2025-09-20__TSC_vs_RVFC__FREE_KICK__t1402.00-t1421.00_portrait_FINAL\follow\stabilized.mp4"
"441456DBF53C68BF8FAB768D66CA943118372501BFF803C7C24609043B166086","portrait_branded","True","False","out\portrait_reels\branded\024__2025-09-20__TSC_vs_RVFC__FREE_KICK__t1402.00-t1421.00_portrait_POST.mp4","C:\Users\scott\soccer-video\out\portrait_reels\branded\024__2025-09-20__TSC_vs_RVFC__FREE_KICK__t1402.00-t1421.00_portrait_POST.mp4"
"BAB2D5E879C8CE33BD6A1AC19A386F40C1DE6DEA45DE95841395CB57925544E4","other","False","False","out\autoframe_work\cinematic\194__2025-09-20__TSC_vs_Greenwood__GOAL__t1885.00-t1895.00_portrait_FINAL\follow\stabilized.mp4","C:\Users\scott\soccer-video\out\autoframe_work\cinematic\194__2025-09-20__TSC_vs_Greenwood__GOAL__t1885.00-t1895.00_portrait_FINAL\follow\stabilized.mp4"
"BAB2D5E879C8CE33BD6A1AC19A386F40C1DE6DEA45DE95841395CB57925544E4","portrait_branded","True","False","out\portrait_reels\branded\025__2025-09-20__TSC_vs_Greenwood__GOAL__t1885.00-t1895.00_portrait_POST.mp4","C:\Users\scott\soccer-video\out\portrait_reels\branded\025__2025-09-20__TSC_vs_Greenwood__GOAL__t1885.00-t1895.00_portrait_POST.mp4"
"48E240E541A0263283DBB050DDC5B727000B3A7D89C58B28196BCCA4CDE7CD47","other","False","False","out\autoframe_work\cinematic\195__2025-09-20__TSC_vs_RVFC__PRESSURE_GOAL__t1512.00-t1520.00_portrait_FINAL\follow\stabilized.mp4","C:\Users\scott\soccer-video\out\autoframe_work\cinematic\195__2025-09-20__TSC_vs_RVFC__PRESSURE_GOAL__t1512.00-t1520.00_portrait_FINAL\follow\stabilized.mp4"
"48E240E541A0263283DBB050DDC5B727000B3A7D89C58B28196BCCA4CDE7CD47","portrait_branded","True","False","out\portrait_reels\branded\025__2025-09-20__TSC_vs_RVFC__PRESSURE_GOAL__t1512.00-t1520.00_portrait_POST.mp4","C:\Users\scott\soccer-video\out\portrait_reels\branded\025__2025-09-20__TSC_vs_RVFC__PRESSURE_GOAL__t1512.00-t1520.00_portrait_POST.mp4"
"76BA5659F34FE876DD151ED6666262BCB64CBD752BA2DB25F26ED75BBB514522","other","False","False","out\autoframe_work\cinematic\196__2025-09-20__TSC_vs_Greenwood__PRESSURE_SHOT__t1951.00-t1962.00_portrait_FINAL\follow\stabilized.mp4","C:\Users\scott\soccer-video\out\autoframe_work\cinematic\196__2025-09-20__TSC_vs_Greenwood__PRESSURE_SHOT__t1951.00-t1962.00_portrait_FINAL\follow\stabilized.mp4"
"76BA5659F34FE876DD151ED6666262BCB64CBD752BA2DB25F26ED75BBB514522","portrait_branded","True","False","out\portrait_reels\branded\026__2025-09-20__TSC_vs_Greenwood__PRESSURE_SHOT__t1951.00-t1962.00_portrait_POST.mp4","C:\Users\scott\soccer-video\out\portrait_reels\branded\026__2025-09-20__TSC_vs_Greenwood__PRESSURE_SHOT__t1951.00-t1962.00_portrait_POST.mp4"
"AF76050C0C156557146E631FB831E442BD41055A3F23A61B45C9C02E885DE3F7","other","False","False","out\autoframe_work\cinematic\197__2025-09-20__TSC_vs_RVFC__DRIBBLING_SHOT__t1800.00-t1810.00_portrait_FINAL\follow\stabilized.mp4","C:\Users\scott\soccer-video\out\autoframe_work\cinematic\197__2025-09-20__TSC_vs_RVFC__DRIBBLING_SHOT__t1800.00-t1810.00_portrait_FINAL\follow\stabilized.mp4"
"AF76050C0C156557146E631FB831E442BD41055A3F23A61B45C9C02E885DE3F7","portrait_branded","True","False","out\portrait_reels\branded\026__2025-09-20__TSC_vs_RVFC__DRIBBLING_SHOT__t1800.00-t1810.00_portrait_POST.mp4","C:\Users\scott\soccer-video\out\portrait_reels\branded\026__2025-09-20__TSC_vs_RVFC__DRIBBLING_SHOT__t1800.00-t1810.00_portrait_POST.mp4"
"9BC5C41993DF12F5FD21A3275D4C5676B6F5A1B06E47EFEBA1F8A29545E243D8","other","False","False","out\autoframe_work\cinematic\198__2025-09-20__TSC_vs_Greenwood__BUILD_UP_PLAY_SHOT__t2040.00-t2058.00_portrait_FINAL\follow\stabilized.mp4","C:\Users\scott\soccer-video\out\autoframe_work\cinematic\198__2025-09-20__TSC_vs_Greenwood__BUILD_UP_PLAY_SHOT__t2040.00-t2058.00_portrait_FINAL\follow\stabilized.mp4"
"9BC5C41993DF12F5FD21A3275D4C5676B6F5A1B06E47EFEBA1F8A29545E243D8","portrait_branded","True","False","out\portrait_reels\branded\027__2025-09-20__TSC_vs_Greenwood__BUILD_UP_PLAY_SHOT__t2040.00-t2058.00_portrait_POST.mp4","C:\Users\scott\soccer-video\out\portrait_reels\branded\027__2025-09-20__TSC_vs_Greenwood__BUILD_UP_PLAY_SHOT__t2040.00-t2058.00_portrait_POST.mp4"
"FD3B884D06ED44C040E2877DD469A18B9CB1F3D58E40531DD56995D25B917D3F","other","False","False","out\autoframe_work\cinematic\199__2025-09-20__TSC_vs_RVFC__SHOT__t1827.00-t1834.00_portrait_FINAL\follow\stabilized.mp4","C:\Users\scott\soccer-video\out\autoframe_work\cinematic\199__2025-09-20__TSC_vs_RVFC__SHOT__t1827.00-t1834.00_portrait_FINAL\follow\stabilized.mp4"
"FD3B884D06ED44C040E2877DD469A18B9CB1F3D58E40531DD56995D25B917D3F","portrait_branded","True","False","out\portrait_reels\branded\027__2025-09-20__TSC_vs_RVFC__SHOT__t1827.00-t1834.00_portrait_POST.mp4","C:\Users\scott\soccer-video\out\portrait_reels\branded\027__2025-09-20__TSC_vs_RVFC__SHOT__t1827.00-t1834.00_portrait_POST.mp4"
"49D0714BA1B5B1E60D47BEF368A836EE8EB90205DEE3CFF78754E55D6FD51E7D","other","False","False","out\autoframe_work\cinematic\200__2025-09-20__TSC_vs_Greenwood__BUILD_UP_PLAY_SHOT__t2092.00-t2105.00_portrait_FINAL\follow\stabilized.mp4","C:\Users\scott\soccer-video\out\autoframe_work\cinematic\200__2025-09-20__TSC_vs_Greenwood__BUILD_UP_PLAY_SHOT__t2092.00-t2105.00_portrait_FINAL\follow\stabilized.mp4"
"49D0714BA1B5B1E60D47BEF368A836EE8EB90205DEE3CFF78754E55D6FD51E7D","portrait_branded","True","False","out\portrait_reels\branded\028__2025-09-20__TSC_vs_Greenwood__BUILD_UP_PLAY_SHOT__t2092.00-t2105.00_portrait_POST.mp4","C:\Users\scott\soccer-video\out\portrait_reels\branded\028__2025-09-20__TSC_vs_Greenwood__BUILD_UP_PLAY_SHOT__t2092.00-t2105.00_portrait_POST.mp4"
"22B88FD3AE90EDFB4770D78DBCCF01DDCAB571FF2EB5C70B7BDCCF031A833102","other","False","False","out\autoframe_work\cinematic\201__2025-09-20__TSC_vs_RVFC__CORNER__t1852.00-t1875.00_portrait_FINAL\follow\stabilized.mp4","C:\Users\scott\soccer-video\out\autoframe_work\cinematic\201__2025-09-20__TSC_vs_RVFC__CORNER__t1852.00-t1875.00_portrait_FINAL\follow\stabilized.mp4"
"22B88FD3AE90EDFB4770D78DBCCF01DDCAB571FF2EB5C70B7BDCCF031A833102","portrait_branded","True","False","out\portrait_reels\branded\028__2025-09-20__TSC_vs_RVFC__CORNER__t1852.00-t1875.00_portrait_POST.mp4","C:\Users\scott\soccer-video\out\portrait_reels\branded\028__2025-09-20__TSC_vs_RVFC__CORNER__t1852.00-t1875.00_portrait_POST.mp4"
"6E8FC34CAB41ECCFC588FCC68CE7A5F362F1AA7C38DE2AED3AB3BD3FA1881011","other","False","False","out\autoframe_work\cinematic\202__2025-09-20__TSC_vs_Greenwood__BUILD_UP_PLAY_SHOT__t2134.00-t2152.00_portrait_FINAL\follow\stabilized.mp4","C:\Users\scott\soccer-video\out\autoframe_work\cinematic\202__2025-09-20__TSC_vs_Greenwood__BUILD_UP_PLAY_SHOT__t2134.00-t2152.00_portrait_FINAL\follow\stabilized.mp4"
"6E8FC34CAB41ECCFC588FCC68CE7A5F362F1AA7C38DE2AED3AB3BD3FA1881011","portrait_branded","True","False","out\portrait_reels\branded\029__2025-09-20__TSC_vs_Greenwood__BUILD_UP_PLAY_SHOT__t2134.00-t2152.00_portrait_POST.mp4","C:\Users\scott\soccer-video\out\portrait_reels\branded\029__2025-09-20__TSC_vs_Greenwood__BUILD_UP_PLAY_SHOT__t2134.00-t2152.00_portrait_POST.mp4"
"1EBF6922183E79BCF5E875E293D6CAD38019F87959B7370301278967C9E1ED1B","other","False","False","out\autoframe_work\cinematic\203__2025-09-20__TSC_vs_RVFC__PRESSURE_SHOT__t1883.00-t1893.00_portrait_FINAL\follow\stabilized.mp4","C:\Users\scott\soccer-video\out\autoframe_work\cinematic\203__2025-09-20__TSC_vs_RVFC__PRESSURE_SHOT__t1883.00-t1893.00_portrait_FINAL\follow\stabilized.mp4"
"1EBF6922183E79BCF5E875E293D6CAD38019F87959B7370301278967C9E1ED1B","portrait_branded","True","False","out\portrait_reels\branded\029__2025-09-20__TSC_vs_RVFC__PRESSURE_SHOT__t1883.00-t1893.00_portrait_POST.mp4","C:\Users\scott\soccer-video\out\portrait_reels\branded\029__2025-09-20__TSC_vs_RVFC__PRESSURE_SHOT__t1883.00-t1893.00_portrait_POST.mp4"
"DC5779A3275DAFDE826D759B8B08D2181B9CF21841D8ACF6FE816BA0C976BEA3","other","False","False","out\autoframe_work\cinematic\204__2025-09-20__TSC_vs_Greenwood__FREE_KICK_WON_GOAL__t2175.00-t2211.00_portrait_FINAL\follow\stabilized.mp4","C:\Users\scott\soccer-video\out\autoframe_work\cinematic\204__2025-09-20__TSC_vs_Greenwood__FREE_KICK_WON_GOAL__t2175.00-t2211.00_portrait_FINAL\follow\stabilized.mp4"
"DC5779A3275DAFDE826D759B8B08D2181B9CF21841D8ACF6FE816BA0C976BEA3","portrait_branded","True","False","out\portrait_reels\branded\030__2025-09-20__TSC_vs_Greenwood__FREE_KICK_WON_GOAL__t2175.00-t2211.00_portrait_POST.mp4","C:\Users\scott\soccer-video\out\portrait_reels\branded\030__2025-09-20__TSC_vs_Greenwood__FREE_KICK_WON_GOAL__t2175.00-t2211.00_portrait_POST.mp4"
"A14064252E7237657399CFBEF270212ED738A206320BD163DC06EFEFE2485BDD","other","False","False","out\autoframe_work\cinematic\205__2025-09-20__TSC_vs_RVFC__PRESSURE_SHOT__t1898.00-t1911.00_portrait_FINAL\follow\stabilized.mp4","C:\Users\scott\soccer-video\out\autoframe_work\cinematic\205__2025-09-20__TSC_vs_RVFC__PRESSURE_SHOT__t1898.00-t1911.00_portrait_FINAL\follow\stabilized.mp4"
"A14064252E7237657399CFBEF270212ED738A206320BD163DC06EFEFE2485BDD","portrait_branded","True","False","out\portrait_reels\branded\030__2025-09-20__TSC_vs_RVFC__PRESSURE_SHOT__t1898.00-t1911.00_portrait_POST.mp4","C:\Users\scott\soccer-video\out\portrait_reels\branded\030__2025-09-20__TSC_vs_RVFC__PRESSURE_SHOT__t1898.00-t1911.00_portrait_POST.mp4"
"AA29F0F20C9D3D403D88099D674D91443C445864CE712D3F9661C0FC276016AC","other","False","False","out\autoframe_work\cinematic\206__2025-09-20__TSC_vs_Greenwood__BUILD_UP_PLAY_SHOT__t2245.00-t2266.00_portrait_FINAL\follow\stabilized.mp4","C:\Users\scott\soccer-video\out\autoframe_work\cinematic\206__2025-09-20__TSC_vs_Greenwood__BUILD_UP_PLAY_SHOT__t2245.00-t2266.00_portrait_FINAL\follow\stabilized.mp4"
"AA29F0F20C9D3D403D88099D674D91443C445864CE712D3F9661C0FC276016AC","portrait_branded","True","False","out\portrait_reels\branded\031__2025-09-20__TSC_vs_Greenwood__BUILD_UP_PLAY_SHOT__t2245.00-t2266.00_portrait_POST.mp4","C:\Users\scott\soccer-video\out\portrait_reels\branded\031__2025-09-20__TSC_vs_Greenwood__BUILD_UP_PLAY_SHOT__t2245.00-t2266.00_portrait_POST.mp4"
"86406A07B586B155134A937F3890378A14CD1C2BE89208AF8D0B2498E99E727A","other","False","False","out\autoframe_work\cinematic\207__2025-09-20__TSC_vs_RVFC__PRESSURE_SHOT__t1964.00-t1975.00_portrait_FINAL\follow\stabilized.mp4","C:\Users\scott\soccer-video\out\autoframe_work\cinematic\207__2025-09-20__TSC_vs_RVFC__PRESSURE_SHOT__t1964.00-t1975.00_portrait_FINAL\follow\stabilized.mp4"
"86406A07B586B155134A937F3890378A14CD1C2BE89208AF8D0B2498E99E727A","portrait_branded","True","False","out\portrait_reels\branded\031__2025-09-20__TSC_vs_RVFC__PRESSURE_SHOT__t1964.00-t1975.00_portrait_POST.mp4","C:\Users\scott\soccer-video\out\portrait_reels\branded\031__2025-09-20__TSC_vs_RVFC__PRESSURE_SHOT__t1964.00-t1975.00_portrait_POST.mp4"
"0513FF291EE93F2A6A3A63098CF51C98D24FBDE658F917E483E137C129464687","other","False","False","out\autoframe_work\cinematic\208__2025-09-20__TSC_vs_Greenwood__BUILD_UP_PLAY_SHOT__t2544.00-t2561.00_portrait_FINAL\follow\stabilized.mp4","C:\Users\scott\soccer-video\out\autoframe_work\cinematic\208__2025-09-20__TSC_vs_Greenwood__BUILD_UP_PLAY_SHOT__t2544.00-t2561.00_portrait_FINAL\follow\stabilized.mp4"
"0513FF291EE93F2A6A3A63098CF51C98D24FBDE658F917E483E137C129464687","portrait_branded","True","False","out\portrait_reels\branded\032__2025-09-20__TSC_vs_Greenwood__BUILD_UP_PLAY_SHOT__t2544.00-t2561.00_portrait_POST.mp4","C:\Users\scott\soccer-video\out\portrait_reels\branded\032__2025-09-20__TSC_vs_Greenwood__BUILD_UP_PLAY_SHOT__t2544.00-t2561.00_portrait_POST.mp4"
"6B0168B54C48192E5B26BD3468DCE7737FACD7CEA4C94DC10B6B7895A98DB0A4","other","False","False","out\autoframe_work\cinematic\209__2025-09-20__TSC_vs_RVFC__BUILD_UP_PLAY_SHOT__t2034.00-t2057.00_portrait_FINAL\follow\stabilized.mp4","C:\Users\scott\soccer-video\out\autoframe_work\cinematic\209__2025-09-20__TSC_vs_RVFC__BUILD_UP_PLAY_SHOT__t2034.00-t2057.00_portrait_FINAL\follow\stabilized.mp4"
"6B0168B54C48192E5B26BD3468DCE7737FACD7CEA4C94DC10B6B7895A98DB0A4","portrait_branded","True","False","out\portrait_reels\branded\032__2025-09-20__TSC_vs_RVFC__BUILD_UP_PLAY_SHOT__t2034.00-t2057.00_portrait_POST.mp4","C:\Users\scott\soccer-video\out\portrait_reels\branded\032__2025-09-20__TSC_vs_RVFC__BUILD_UP_PLAY_SHOT__t2034.00-t2057.00_portrait_POST.mp4"
"FD5E77D4100054D37892397BA4777A577ADDE2316E863BE3B5AEB1B7B0B792C9","other","False","False","out\autoframe_work\cinematic\210__2025-09-20__TSC_vs_Greenwood__GOAL__t2562.00-t2582.00_portrait_FINAL\follow\stabilized.mp4","C:\Users\scott\soccer-video\out\autoframe_work\cinematic\210__2025-09-20__TSC_vs_Greenwood__GOAL__t2562.00-t2582.00_portrait_FINAL\follow\stabilized.mp4"
"FD5E77D4100054D37892397BA4777A577ADDE2316E863BE3B5AEB1B7B0B792C9","portrait_branded","True","False","out\portrait_reels\branded\033__2025-09-20__TSC_vs_Greenwood__GOAL__t2562.00-t2582.00_portrait_POST.mp4","C:\Users\scott\soccer-video\out\portrait_reels\branded\033__2025-09-20__TSC_vs_Greenwood__GOAL__t2562.00-t2582.00_portrait_POST.mp4"
"AFF72D7C9FF4C5A29B8F90FF3DDF2BFBD249BEEA7F6F333B6FB86582C0BE84EC","other","False","False","out\autoframe_work\cinematic\211__2025-09-20__TSC_vs_RVFC__BUILD_UP_PLAY_SHOT__t2131.00-t2150.00_portrait_FINAL\follow\stabilized.mp4","C:\Users\scott\soccer-video\out\autoframe_work\cinematic\211__2025-09-20__TSC_vs_RVFC__BUILD_UP_PLAY_SHOT__t2131.00-t2150.00_portrait_FINAL\follow\stabilized.mp4"
"AFF72D7C9FF4C5A29B8F90FF3DDF2BFBD249BEEA7F6F333B6FB86582C0BE84EC","portrait_branded","True","False","out\portrait_reels\branded\033__2025-09-20__TSC_vs_RVFC__BUILD_UP_PLAY_SHOT__t2131.00-t2150.00_portrait_POST.mp4","C:\Users\scott\soccer-video\out\portrait_reels\branded\033__2025-09-20__TSC_vs_RVFC__BUILD_UP_PLAY_SHOT__t2131.00-t2150.00_portrait_POST.mp4"
"0B5560CAB12435EF96E042B160E2F4092791D9E181BD637DEA6B81A265D6ADF3","other","False","False","out\autoframe_work\cinematic\212__2025-09-20__TSC_vs_Greenwood__PRESSURE_SHOT__t2646.00-t2665.00_portrait_FINAL\follow\stabilized.mp4","C:\Users\scott\soccer-video\out\autoframe_work\cinematic\212__2025-09-20__TSC_vs_Greenwood__PRESSURE_SHOT__t2646.00-t2665.00_portrait_FINAL\follow\stabilized.mp4"
"0B5560CAB12435EF96E042B160E2F4092791D9E181BD637DEA6B81A265D6ADF3","portrait_branded","True","False","out\portrait_reels\branded\034__2025-09-20__TSC_vs_Greenwood__PRESSURE_SHOT__t2646.00-t2665.00_portrait_POST.mp4","C:\Users\scott\soccer-video\out\portrait_reels\branded\034__2025-09-20__TSC_vs_Greenwood__PRESSURE_SHOT__t2646.00-t2665.00_portrait_POST.mp4"
"4E7D9E0E48133BF75AE4EA6D835F36FA26F3D701823EF20125B9781A5F1D522B","other","False","False","out\autoframe_work\cinematic\213__2025-09-20__TSC_vs_RVFC__PRESSURE_GOAL__t2158.00-t2169.00_portrait_FINAL\follow\stabilized.mp4","C:\Users\scott\soccer-video\out\autoframe_work\cinematic\213__2025-09-20__TSC_vs_RVFC__PRESSURE_GOAL__t2158.00-t2169.00_portrait_FINAL\follow\stabilized.mp4"
"4E7D9E0E48133BF75AE4EA6D835F36FA26F3D701823EF20125B9781A5F1D522B","portrait_branded","True","False","out\portrait_reels\branded\034__2025-09-20__TSC_vs_RVFC__PRESSURE_GOAL__t2158.00-t2169.00_portrait_POST.mp4","C:\Users\scott\soccer-video\out\portrait_reels\branded\034__2025-09-20__TSC_vs_RVFC__PRESSURE_GOAL__t2158.00-t2169.00_portrait_POST.mp4"
"837F4F27A6CA7C9EF8CFC232CB8EAB24C6057ABB71057DDD879FCC869A9EA38C","other","False","False","out\autoframe_work\cinematic\214__2025-09-20__TSC_vs_Greenwood__CORNER__t2687.00-t2701.00_portrait_FINAL\follow\stabilized.mp4","C:\Users\scott\soccer-video\out\autoframe_work\cinematic\214__2025-09-20__TSC_vs_Greenwood__CORNER__t2687.00-t2701.00_portrait_FINAL\follow\stabilized.mp4"
"837F4F27A6CA7C9EF8CFC232CB8EAB24C6057ABB71057DDD879FCC869A9EA38C","portrait_branded","True","False","out\portrait_reels\branded\035__2025-09-20__TSC_vs_Greenwood__CORNER__t2687.00-t2701.00_portrait_POST.mp4","C:\Users\scott\soccer-video\out\portrait_reels\branded\035__2025-09-20__TSC_vs_Greenwood__CORNER__t2687.00-t2701.00_portrait_POST.mp4"
"935723670BBAFA3AAD6060AB90B7512A30390007AC8777BB2EFB9F44F68D4565","other","False","False","out\autoframe_work\cinematic\215__2025-09-20__TSC_vs_RVFC__BUILD_UP_PLAY_SHOT__t2297.00-t2312.00_portrait_FINAL\follow\stabilized.mp4","C:\Users\scott\soccer-video\out\autoframe_work\cinematic\215__2025-09-20__TSC_vs_RVFC__BUILD_UP_PLAY_SHOT__t2297.00-t2312.00_portrait_FINAL\follow\stabilized.mp4"
"935723670BBAFA3AAD6060AB90B7512A30390007AC8777BB2EFB9F44F68D4565","portrait_branded","True","False","out\portrait_reels\branded\035__2025-09-20__TSC_vs_RVFC__BUILD_UP_PLAY_SHOT__t2297.00-t2312.00_portrait_POST.mp4","C:\Users\scott\soccer-video\out\portrait_reels\branded\035__2025-09-20__TSC_vs_RVFC__BUILD_UP_PLAY_SHOT__t2297.00-t2312.00_portrait_POST.mp4"
"F9EF75BAAFECC2F11EDAF8AF80A59F9EBF7C38B43773B48D7AA96114281529DB","other","False","False","out\autoframe_work\cinematic\216__2025-09-20__TSC_vs_Greenwood__PRESSURE_SHOT__t2705.00-t2715.00_portrait_FINAL\follow\stabilized.mp4","C:\Users\scott\soccer-video\out\autoframe_work\cinematic\216__2025-09-20__TSC_vs_Greenwood__PRESSURE_SHOT__t2705.00-t2715.00_portrait_FINAL\follow\stabilized.mp4"
"F9EF75BAAFECC2F11EDAF8AF80A59F9EBF7C38B43773B48D7AA96114281529DB","portrait_branded","True","False","out\portrait_reels\branded\036__2025-09-20__TSC_vs_Greenwood__PRESSURE_SHOT__t2705.00-t2715.00_portrait_POST.mp4","C:\Users\scott\soccer-video\out\portrait_reels\branded\036__2025-09-20__TSC_vs_Greenwood__PRESSURE_SHOT__t2705.00-t2715.00_portrait_POST.mp4"
"748F0BF37987C1B926E82C641418A3B3D56FCC3371EA72DF061157749BDC26B8","other","False","False","out\autoframe_work\cinematic\217__2025-09-20__TSC_vs_RVFC__PRESSURE_GOAL__t2348.00-t2367.00_portrait_FINAL\follow\stabilized.mp4","C:\Users\scott\soccer-video\out\autoframe_work\cinematic\217__2025-09-20__TSC_vs_RVFC__PRESSURE_GOAL__t2348.00-t2367.00_portrait_FINAL\follow\stabilized.mp4"
"748F0BF37987C1B926E82C641418A3B3D56FCC3371EA72DF061157749BDC26B8","portrait_branded","True","False","out\portrait_reels\branded\036__2025-09-20__TSC_vs_RVFC__PRESSURE_GOAL__t2348.00-t2367.00_portrait_POST.mp4","C:\Users\scott\soccer-video\out\portrait_reels\branded\036__2025-09-20__TSC_vs_RVFC__PRESSURE_GOAL__t2348.00-t2367.00_portrait_POST.mp4"
"6BDD17A6D228E7D6A2167EB9029937031534C0F924B72807BCABB8FED75A1FC0","other","False","False","out\autoframe_work\cinematic\218__2025-09-20__TSC_vs_Greenwood__PRESSURE_GOAL__t2729.00-t2749.00_portrait_FINAL\follow\stabilized.mp4","C:\Users\scott\soccer-video\out\autoframe_work\cinematic\218__2025-09-20__TSC_vs_Greenwood__PRESSURE_GOAL__t2729.00-t2749.00_portrait_FINAL\follow\stabilized.mp4"
"6BDD17A6D228E7D6A2167EB9029937031534C0F924B72807BCABB8FED75A1FC0","portrait_branded","True","False","out\portrait_reels\branded\037__2025-09-20__TSC_vs_Greenwood__PRESSURE_GOAL__t2729.00-t2749.00_portrait_POST.mp4","C:\Users\scott\soccer-video\out\portrait_reels\branded\037__2025-09-20__TSC_vs_Greenwood__PRESSURE_GOAL__t2729.00-t2749.00_portrait_POST.mp4"
"472D44D6E5435C7B711854A3544E651894490B56E7DDF80679709D97AC5AF38E","other","False","False","out\autoframe_work\cinematic\219__2025-09-20__TSC_vs_RVFC__PRESSURE_SHOT__t2388.00-t2397.00_portrait_FINAL\follow\stabilized.mp4","C:\Users\scott\soccer-video\out\autoframe_work\cinematic\219__2025-09-20__TSC_vs_RVFC__PRESSURE_SHOT__t2388.00-t2397.00_portrait_FINAL\follow\stabilized.mp4"
"472D44D6E5435C7B711854A3544E651894490B56E7DDF80679709D97AC5AF38E","portrait_branded","True","False","out\portrait_reels\branded\037__2025-09-20__TSC_vs_RVFC__PRESSURE_SHOT__t2388.00-t2397.00_portrait_POST.mp4","C:\Users\scott\soccer-video\out\portrait_reels\branded\037__2025-09-20__TSC_vs_RVFC__PRESSURE_SHOT__t2388.00-t2397.00_portrait_POST.mp4"
"4596D5A75EE1ACB8A852DFD27E5C4937F73F992C3C47720C26A2601546EEA5C0","other","False","False","out\autoframe_work\cinematic\220__2025-09-20__TSC_vs_Greenwood__PRESSURE_SHOT__t2770.00-t2827.00_portrait_FINAL\follow\stabilized.mp4","C:\Users\scott\soccer-video\out\autoframe_work\cinematic\220__2025-09-20__TSC_vs_Greenwood__PRESSURE_SHOT__t2770.00-t2827.00_portrait_FINAL\follow\stabilized.mp4"
"4596D5A75EE1ACB8A852DFD27E5C4937F73F992C3C47720C26A2601546EEA5C0","portrait_branded","True","False","out\portrait_reels\branded\038__2025-09-20__TSC_vs_Greenwood__PRESSURE_SHOT__t2770.00-t2827.00_portrait_POST.mp4","C:\Users\scott\soccer-video\out\portrait_reels\branded\038__2025-09-20__TSC_vs_Greenwood__PRESSURE_SHOT__t2770.00-t2827.00_portrait_POST.mp4"
"0070BE7485FAF4AA20C51ED2A058B3EA86E68C5C6D77FD897CB113D0AFC4BAB2","other","False","False","out\autoframe_work\cinematic\221__2025-09-20__TSC_vs_RVFC__PRESSURE_GOAL__t2411.00-t2431.00_portrait_FINAL\follow\stabilized.mp4","C:\Users\scott\soccer-video\out\autoframe_work\cinematic\221__2025-09-20__TSC_vs_RVFC__PRESSURE_GOAL__t2411.00-t2431.00_portrait_FINAL\follow\stabilized.mp4"
"0070BE7485FAF4AA20C51ED2A058B3EA86E68C5C6D77FD897CB113D0AFC4BAB2","portrait_branded","True","False","out\portrait_reels\branded\038__2025-09-20__TSC_vs_RVFC__PRESSURE_GOAL__t2411.00-t2431.00_portrait_POST.mp4","C:\Users\scott\soccer-video\out\portrait_reels\branded\038__2025-09-20__TSC_vs_RVFC__PRESSURE_GOAL__t2411.00-t2431.00_portrait_POST.mp4"
"932C3E04555C3AAFE29D38D3C582465E6A4D6015B45CF32678F720A765204639","other","False","False","out\autoframe_work\cinematic\222__2025-09-20__TSC_vs_Greenwood__BUILD_UP_PLAY_SHOT__t2894.00-t2914.00_portrait_FINAL\follow\stabilized.mp4","C:\Users\scott\soccer-video\out\autoframe_work\cinematic\222__2025-09-20__TSC_vs_Greenwood__BUILD_UP_PLAY_SHOT__t2894.00-t2914.00_portrait_FINAL\follow\stabilized.mp4"
"932C3E04555C3AAFE29D38D3C582465E6A4D6015B45CF32678F720A765204639","portrait_branded","True","False","out\portrait_reels\branded\039__2025-09-20__TSC_vs_Greenwood__BUILD_UP_PLAY_SHOT__t2894.00-t2914.00_portrait_POST.mp4","C:\Users\scott\soccer-video\out\portrait_reels\branded\039__2025-09-20__TSC_vs_Greenwood__BUILD_UP_PLAY_SHOT__t2894.00-t2914.00_portrait_POST.mp4"
"FE09DDB756324ECE4AA817B56B075A7C1817797858230640840C6C6665F83418","other","False","False","out\autoframe_work\cinematic\223__2025-09-20__TSC_vs_RVFC__PRESSURE_GOAL__t2485.00-t2506.00_portrait_FINAL\follow\stabilized.mp4","C:\Users\scott\soccer-video\out\autoframe_work\cinematic\223__2025-09-20__TSC_vs_RVFC__PRESSURE_GOAL__t2485.00-t2506.00_portrait_FINAL\follow\stabilized.mp4"
"FE09DDB756324ECE4AA817B56B075A7C1817797858230640840C6C6665F83418","portrait_branded","True","False","out\portrait_reels\branded\039__2025-09-20__TSC_vs_RVFC__PRESSURE_GOAL__t2485.00-t2506.00_portrait_POST.mp4","C:\Users\scott\soccer-video\out\portrait_reels\branded\039__2025-09-20__TSC_vs_RVFC__PRESSURE_GOAL__t2485.00-t2506.00_portrait_POST.mp4"
"445D7861DFF86D6F22D898E57CAE521D5A56F0D6C33736493341442E34172F49","other","False","False","out\autoframe_work\cinematic\224__2025-09-20__TSC_vs_RVFC__BUILD_UP_PLAY_SHOT__t2571.00-t2599.00_portrait_FINAL\follow\stabilized.mp4","C:\Users\scott\soccer-video\out\autoframe_work\cinematic\224__2025-09-20__TSC_vs_RVFC__BUILD_UP_PLAY_SHOT__t2571.00-t2599.00_portrait_FINAL\follow\stabilized.mp4"
"445D7861DFF86D6F22D898E57CAE521D5A56F0D6C33736493341442E34172F49","portrait_branded","True","False","out\portrait_reels\branded\040__2025-09-20__TSC_vs_RVFC__BUILD_UP_PLAY_SHOT__t2571.00-t2599.00_portrait_POST.mp4","C:\Users\scott\soccer-video\out\portrait_reels\branded\040__2025-09-20__TSC_vs_RVFC__BUILD_UP_PLAY_SHOT__t2571.00-t2599.00_portrait_POST.mp4"
"3D59B1E3FCBD476DFBBF553CDD477487A59E3150E93D03E4424B4795B30F8148","other","False","False","out\autoframe_work\cinematic\225__2025-09-20__TSC_vs_RVFC__CORNER__t2712.00-t2722.00_portrait_FINAL\follow\stabilized.mp4","C:\Users\scott\soccer-video\out\autoframe_work\cinematic\225__2025-09-20__TSC_vs_RVFC__CORNER__t2712.00-t2722.00_portrait_FINAL\follow\stabilized.mp4"
"3D59B1E3FCBD476DFBBF553CDD477487A59E3150E93D03E4424B4795B30F8148","portrait_branded","True","False","out\portrait_reels\branded\041__2025-09-20__TSC_vs_RVFC__CORNER__t2712.00-t2722.00_portrait_POST.mp4","C:\Users\scott\soccer-video\out\portrait_reels\branded\041__2025-09-20__TSC_vs_RVFC__CORNER__t2712.00-t2722.00_portrait_POST.mp4"
"CB54E66F51F1DA24E451D5E222A2D1880804300992EEBF1D2F51498AE6527182","other","False","False","out\autoframe_work\cinematic\226__2025-09-20__TSC_vs_RVFC__CORNER__t2765.00-t2783.00_portrait_FINAL\follow\stabilized.mp4","C:\Users\scott\soccer-video\out\autoframe_work\cinematic\226__2025-09-20__TSC_vs_RVFC__CORNER__t2765.00-t2783.00_portrait_FINAL\follow\stabilized.mp4"
"CB54E66F51F1DA24E451D5E222A2D1880804300992EEBF1D2F51498AE6527182","portrait_branded","True","False","out\portrait_reels\branded\042__2025-09-20__TSC_vs_RVFC__CORNER__t2765.00-t2783.00_portrait_POST.mp4","C:\Users\scott\soccer-video\out\portrait_reels\branded\042__2025-09-20__TSC_vs_RVFC__CORNER__t2765.00-t2783.00_portrait_POST.mp4"
"5EA44345573E00FEFCA302F453F06172ED5B3DA3DB5823349932FF22EE273D1F","other","False","False","out\autoframe_work\cinematic\227__2025-09-20__TSC_vs_RVFC__GOAL__t3010.00-t3028.00_portrait_FINAL\follow\stabilized.mp4","C:\Users\scott\soccer-video\out\autoframe_work\cinematic\227__2025-09-20__TSC_vs_RVFC__GOAL__t3010.00-t3028.00_portrait_FINAL\follow\stabilized.mp4"
"5EA44345573E00FEFCA302F453F06172ED5B3DA3DB5823349932FF22EE273D1F","portrait_branded","True","False","out\portrait_reels\branded\043__2025-09-20__TSC_vs_RVFC__GOAL__t3010.00-t3028.00_portrait_POST.mp4","C:\Users\scott\soccer-video\out\portrait_reels\branded\043__2025-09-20__TSC_vs_RVFC__GOAL__t3010.00-t3028.00_portrait_POST.mp4"
"720B3F705D3E6B65E9EF8B821E84F3430E1FF6ECE9C05A108DEE3C5A35892125","other","False","False","out\autoframe_work\cinematic\228__2025-09-20__TSC_vs_RVFC__GOAL__t3051.00-t3066.00_portrait_FINAL\follow\stabilized.mp4","C:\Users\scott\soccer-video\out\autoframe_work\cinematic\228__2025-09-20__TSC_vs_RVFC__GOAL__t3051.00-t3066.00_portrait_FINAL\follow\stabilized.mp4"
"720B3F705D3E6B65E9EF8B821E84F3430E1FF6ECE9C05A108DEE3C5A35892125","portrait_branded","True","False","out\portrait_reels\branded\044__2025-09-20__TSC_vs_RVFC__GOAL__t3051.00-t3066.00_portrait_POST.mp4","C:\Users\scott\soccer-video\out\portrait_reels\branded\044__2025-09-20__TSC_vs_RVFC__GOAL__t3051.00-t3066.00_portrait_POST.mp4"
