frame,ball_x,ball_y,source,confidence,cam_cx,cam_cy,crop_x0,crop_y0,crop_w,crop_h,ball_in_crop,dist_to_edge,speed_limited,keepinview,clamp_flags
0,536.4,405.7,hold,0.30,527.4,573.7,204.7,0.0,645.4,1147.4,1,295.0,1,0,accel_zoom=0.856|flight_commit=1.00|edge_zoom=0.762|bounds|final_speed
1,536.0,405.8,hold,0.30,526.9,571.2,205.6,0.0,642.6,1142.3,1,294.9,0,0,flight_commit=0.85|edge_zoom=0.968|bounds
2,535.4,406.0,hold,0.30,526.2,568.3,206.6,0.0,639.4,1136.6,1,294.8,0,0,flight_commit=0.33|conf_zoom=1.00|conf_speed=1.00|edge_zoom=0.971|bounds
3,534.8,406.2,hold,0.30,525.5,565.2,207.6,0.0,635.9,1130.4,1,294.7,0,0,conf_zoom=0.73|conf_speed=0.85|edge_zoom=0.975|bounds
4,534.1,406.4,hold,0.30,524.7,561.9,208.6,0.0,632.1,1123.7,1,294.6,0,0,conf_zoom=0.73|conf_speed=0.85|bounds
5,533.2,406.7,hold,0.30,523.8,558.4,209.7,0.0,628.2,1116.7,1,294.6,0,0,conf_zoom=0.73|conf_speed=0.85|bounds
6,532.3,406.9,hold,0.30,522.9,554.8,210.8,0.0,624.1,1109.6,1,294.6,0,0,conf_zoom=0.73|conf_speed=0.85|bounds
7,531.3,407.3,hold,0.30,522.0,551.2,212.0,0.0,620.1,1102.4,1,294.7,0,0,conf_zoom=0.73|conf_speed=0.85|bounds
8,530.1,407.6,hold,0.30,521.1,547.7,213.0,0.0,616.2,1095.4,1,295.0,0,0,conf_zoom=0.73|conf_speed=0.85|bounds
9,528.7,408.0,hold,0.30,520.2,544.4,214.0,0.0,612.4,1088.7,1,295.5,0,0,conf_zoom=0.73|conf_speed=0.85|bounds
10,527.2,408.5,hold,0.30,519.1,541.2,214.7,0.0,608.8,1082.3,1,295.9,0,0,conf_zoom=0.73|conf_speed=0.85|bounds
11,525.4,409.0,hold,0.30,517.9,540.0,215.2,1.8,605.4,1076.3,1,296.5,0,0,conf_zoom=0.73|conf_speed=0.85|bounds
12,523.4,409.6,hold,0.30,516.5,540.0,215.4,4.7,602.2,1070.6,1,297.1,0,0,conf_zoom=0.73|conf_speed=0.85|bounds
13,521.2,410.3,hold,0.30,514.8,540.0,215.3,7.5,599.0,1065.0,1,297.6,0,0,conf_zoom=0.73|conf_speed=0.85|bounds
14,518.6,411.1,hold,0.30,512.7,540.0,214.8,10.3,595.9,1059.3,1,298.1,0,0,conf_zoom=0.73|conf_speed=0.85|bounds
15,515.7,412.0,hold,0.30,510.2,540.0,213.9,13.3,592.6,1053.5,1,298.5,0,0,conf_zoom=0.73|conf_speed=0.85|bounds
16,512.3,413.0,hold,0.30,507.2,540.0,212.6,16.3,589.1,1047.3,1,298.9,0,0,conf_zoom=0.73|conf_speed=0.85|bounds
17,508.6,414.1,hold,0.30,503.6,540.0,210.9,19.6,585.4,1040.7,1,299.0,0,0,conf_zoom=0.73|conf_speed=0.85|bounds
18,503.6,418.1,blended,0.75,499.4,540.0,208.7,23.1,581.5,1033.7,1,299.8,0,0,conf_zoom=0.80|conf_speed=0.89|edge_zoom=0.980|bounds
19,499.3,416.3,interp,0.38,494.6,540.0,205.9,26.8,577.3,1026.4,1,299.3,0,0,conf_zoom=0.80|conf_speed=0.89|edge_zoom=0.976|bounds
20,493.8,417.4,interp,0.38,489.0,540.0,202.4,30.5,573.2,1019.1,1,299.2,0,0,conf_zoom=0.80|conf_speed=0.89|edge_zoom=0.977|bounds
21,487.6,418.6,interp,0.38,482.9,540.0,198.2,33.9,569.3,1012.2,1,299.3,0,0,flight_commit=0.03|conf_zoom=0.92|conf_speed=0.95|edge_zoom=0.977|bounds
22,480.8,420.0,yolo,0.38,476.0,540.0,193.1,36.9,566.0,1006.1,1,299.2,0,0,flight_commit=0.14|conf_zoom=0.95|conf_speed=0.97|edge_zoom=0.976|bounds
23,472.1,422.0,yolo,0.46,468.6,540.0,187.0,39.3,563.3,1001.4,1,300.5,0,0,flight_commit=0.33|edge_zoom=0.976|bounds
24,462.9,424.0,yolo,0.51,460.6,540.0,179.8,40.8,561.7,998.5,1,301.7,0,0,flight_commit=0.50|edge_zoom=0.976|bounds
25,453.6,425.7,yolo,0.59,452.2,540.0,171.6,41.2,561.2,997.7,1,302.6,0,0,flight_commit=0.62|edge_zoom=0.977|bounds
26,444.6,427.0,yolo,0.54,443.4,540.0,162.4,40.4,562.0,999.2,1,302.8,0,0,flight_commit=0.68|edge_zoom=0.977|bounds
27,436.2,427.9,interp,0.38,434.3,540.0,152.2,38.5,564.2,1003.0,1,302.1,0,0,flight_commit=0.68|edge_zoom=0.979|bounds
28,428.1,428.7,yolo,0.63,425.2,540.0,141.4,35.5,567.6,1009.1,1,301.1,0,0,flight_commit=0.67|edge_zoom=0.980|bounds
29,419.7,429.2,yolo,0.70,416.0,540.0,130.0,31.5,572.0,1017.0,1,300.3,0,0,shot_pb=0.60|flight_commit=0.67|edge_zoom=0.980|bounds
30,411.8,429.7,yolo,0.73,407.1,540.0,118.4,26.9,577.3,1026.3,1,299.3,0,0,shot_pb=0.80|flight_commit=1.00|edge_zoom=0.979|bounds
31,404.4,430.2,yolo,0.75,398.5,540.0,107.1,21.8,583.0,1036.4,1,298.1,0,0,shot_pb=1.00|flight_commit=1.00|edge_zoom=0.978|bounds
32,397.5,430.8,yolo,0.79,390.6,540.0,96.2,16.7,588.8,1046.7,1,297.1,0,0,shot_pb=1.00|flight_commit=1.00|edge_zoom=0.976|bounds
33,391.1,431.5,yolo,0.78,383.5,540.0,86.4,11.8,594.3,1056.5,1,296.4,0,0,shot_pb=1.00|flight_commit=1.00|edge_zoom=0.977|bounds
34,385.2,432.3,yolo,0.75,377.4,540.0,77.8,7.3,599.3,1065.4,1,296.2,0,0,shot_pb=1.00|flight_commit=1.00|edge_zoom=0.978|bounds
35,379.9,433.3,yolo,0.78,372.6,540.0,70.8,3.5,603.6,1073.0,1,296.7,0,0,shot_pb=1.00|flight_commit=1.00|edge_zoom=0.981|bounds
36,375.2,434.6,yolo,0.79,369.2,540.0,65.6,0.4,607.1,1079.3,1,298.0,0,0,shot_pb=1.00|flight_commit=1.00|edge_zoom=0.984|bounds
37,371.2,436.1,yolo,0.77,367.3,542.1,62.3,0.0,609.9,1084.2,1,300.1,0,0,shot_pb=1.00|flight_commit=1.00|edge_zoom=0.988|bounds
38,367.8,437.8,yolo,0.79,367.1,544.0,61.1,0.0,612.0,1088.1,1,303.3,0,0,shot_pb=1.00|flight_commit=1.00|edge_zoom=0.992|bounds
39,365.3,439.7,yolo,0.79,368.5,545.5,61.7,0.0,613.7,1091.0,1,300.8,0,0,shot_pb=1.00|flight_commit=1.00|edge_zoom=0.997|bounds
40,363.6,441.7,yolo,0.79,371.7,546.7,64.2,0.0,615.1,1093.4,1,295.9,0,0,shot_pb=1.00|flight_commit=1.00|bounds
41,362.9,443.7,yolo,0.80,376.4,547.8,68.3,0.0,616.3,1095.6,1,290.5,0,0,shot_pb=1.00|flight_commit=1.00|bounds
42,363.1,445.5,yolo,0.80,382.6,548.9,73.9,0.0,617.5,1097.7,1,284.5,0,0,shot_pb=1.00|flight_commit=1.00|edge_zoom=0.996|bounds
43,364.2,447.1,yolo,0.82,390.0,550.0,80.6,0.0,618.8,1100.1,1,278.2,0,0,shot_pb=1.00|flight_commit=1.00|edge_zoom=0.990|bounds
44,366.4,448.6,yolo,0.84,398.5,551.4,88.4,0.0,620.3,1102.8,1,271.9,0,0,shot_pb=1.00|flight_commit=1.00|edge_zoom=0.985|bounds
45,369.6,450.0,yolo,0.86,407.9,552.9,96.9,0.0,622.0,1105.8,1,265.7,0,0,shot_pb=1.00|edge_zoom=0.983|bounds
46,374.0,451.5,yolo,0.86,418.0,554.6,106.0,0.0,623.9,1109.2,1,260.0,0,0,shot_pb=1.00|edge_zoom=0.987|bounds
47,379.6,453.0,yolo,0.86,428.5,556.5,115.5,0.0,626.0,1113.0,1,255.1,0,0,shot_pb=1.00|person_ctx=3|edge_zoom=0.991|bounds
48,386.4,454.6,yolo,0.76,439.5,558.5,125.3,0.0,628.4,1117.1,1,250.9,0,0,shot_pb=1.00|edge_zoom=0.992|bounds
49,394.5,456.3,yolo,0.75,450.8,560.8,135.3,0.0,630.8,1121.5,1,247.7,0,0,shot_pb=1.00|flight_commit=1.00|edge_zoom=0.994|bounds
50,403.8,458.1,interp,0.38,462.3,563.1,145.6,0.0,633.4,1126.1,1,245.5,0,0,shot_pb=1.00|flight_commit=1.00|edge_zoom=0.995|bounds
51,414.5,460.0,yolo,0.65,474.2,565.4,156.1,0.0,636.1,1130.8,1,244.3,0,0,shot_pb=1.00|flight_commit=1.00|person_ctx=3|edge_zoom=0.997|bounds
52,427.2,461.9,yolo,0.65,486.3,567.8,166.9,0.0,638.7,1135.6,1,244.9,0,0,shot_pb=1.00|flight_commit=1.00|person_ctx=3|edge_zoom=0.996|bounds
53,441.4,463.9,yolo,0.67,498.7,570.1,178.0,0.0,641.3,1140.1,1,246.7,0,0,shot_pb=1.00|flight_commit=1.00|person_ctx=3|edge_zoom=0.995|bounds
54,457.0,466.1,yolo,0.66,511.4,572.2,189.5,0.0,643.8,1144.5,1,249.6,0,0,shot_pb=1.00|flight_commit=1.00|edge_zoom=0.992|bounds
55,474.1,468.4,yolo,0.69,524.4,574.2,201.4,0.0,646.0,1148.5,1,253.7,0,0,shot_pb=1.00|flight_commit=1.00|person_ctx=3|edge_zoom=0.991|bounds
56,492.4,470.9,yolo,0.66,537.6,576.0,213.6,0.0,648.0,1152.1,1,258.8,0,0,shot_pb=1.00|flight_commit=1.00|person_ctx=4|edge_zoom=0.988|bounds
57,511.7,473.6,yolo,0.64,550.8,577.6,226.0,0.0,649.8,1155.2,1,264.9,0,0,shot_pb=1.00|flight_commit=1.00|person_ctx=3|edge_zoom=0.987|bounds
58,531.6,476.6,yolo,0.56,564.1,578.9,238.5,0.0,651.2,1157.7,1,271.5,0,0,shot_pb=1.00|flight_commit=1.00|person_ctx=4|edge_zoom=0.987|bounds
59,557.4,482.4,interp,0.38,577.2,579.8,251.0,0.0,652.3,1159.7,1,284.2,0,0,accel_zoom=0.934|shot_pb=1.00|flight_commit=1.00|person_ctx=3|edge_zoom=0.993|bounds
60,582.3,488.0,yolo,0.48,589.9,580.6,263.3,0.0,653.1,1161.1,1,296.4,0,1,accel_zoom=0.934|shot_pb=1.00|flight_commit=1.00|person_ctx=3|keepin_prop=0.00|keepin_zoom=1.350|edge_zoom=0.989|bounds
61,603.0,491.2,yolo,0.43,602.2,581.1,275.3,0.0,653.7,1162.1,1,303.2,0,0,shot_pb=1.00|flight_commit=1.00|person_ctx=3|edge_zoom=0.995|bounds
62,611.8,489.3,yolo,0.44,613.9,581.3,286.9,0.0,654.0,1162.7,1,301.9,0,1,shot_pb=1.00|flight_commit=1.00|person_ctx=4|keepin_prop=0.02|keepin_zoom=1.350|edge_zoom=0.989|bounds
63,619.8,487.6,interp,0.38,624.9,581.5,297.8,0.0,654.1,1162.9,1,298.9,0,0,shot_pb=1.00|flight_commit=1.00|edge_zoom=0.981|bounds
64,626.3,485.4,yolo,0.39,635.2,581.5,308.1,0.0,654.1,1162.9,1,295.1,0,1,shot_pb=1.00|flight_commit=1.00|person_ctx=4|keepin_prop=0.06|keepin_zoom=1.350|edge_zoom=0.986|bounds
65,633.2,483.8,interp,0.38,644.8,581.4,317.7,0.0,654.0,1162.7,1,292.4,0,1,shot_pb=1.00|flight_commit=1.00|keepin_prop=0.00|keepin_zoom=1.350|edge_zoom=0.987|bounds
66,639.5,482.0,interp,0.38,653.6,581.2,326.7,0.0,653.9,1162.5,1,289.9,0,0,shot_pb=1.00|flight_commit=1.00|edge_zoom=0.977|bounds
67,645.4,480.1,interp,0.38,661.8,581.1,334.9,0.0,653.7,1162.1,1,287.6,0,1,shot_pb=1.00|flight_commit=1.00|keepin_prop=0.06|keepin_zoom=1.350|edge_zoom=0.984|bounds
68,651.2,478.2,yolo,0.44,669.3,580.9,342.6,0.0,653.5,1161.8,1,285.9,0,1,shot_pb=1.00|flight_commit=1.00|keepin_prop=0.00|keepin_zoom=1.350|edge_zoom=0.985|bounds
69,657.6,476.4,yolo,0.39,676.3,580.8,349.6,0.0,653.4,1161.6,1,285.3,0,0,shot_pb=1.00|flight_commit=1.00|edge_zoom=0.974|bounds
70,664.7,475.2,interp,0.38,682.9,580.8,356.2,0.0,653.4,1161.5,1,285.8,0,1,shot_pb=1.00|flight_commit=1.00|keepin_prop=0.05|keepin_zoom=1.350|edge_zoom=0.982|bounds
71,672.1,474.2,yolo,0.36,689.1,580.7,362.4,0.0,653.3,1161.5,1,287.0,0,0,shot_pb=1.00|flight_commit=1.00|person_ctx=4|edge_zoom=0.979|bounds
72,680.3,473.5,yolo,0.37,694.9,580.8,368.2,0.0,653.4,1161.6,1,289.4,0,1,shot_pb=1.00|flight_commit=1.00|keepin_prop=0.11|keepin_zoom=1.350|edge_zoom=0.980|bounds
73,688.5,473.0,yolo,0.34,700.5,580.9,373.8,0.0,653.5,1161.8,1,292.0,0,1,shot_pb=1.00|flight_commit=1.00|keepin_prop=0.01|keepin_zoom=1.350|edge_zoom=0.983|bounds
74,696.5,472.7,yolo,0.35,705.9,581.0,379.1,0.0,653.6,1162.0,1,294.6,0,0,shot_pb=1.00|flight_commit=1.00|edge_zoom=0.981|bounds
75,703.7,472.4,interp,0.38,711.2,581.1,384.3,0.0,653.8,1162.2,1,296.5,0,1,shot_pb=1.00|flight_commit=1.00|person_ctx=4|keepin_prop=0.05|keepin_zoom=1.350|edge_zoom=0.981|bounds
76,710.7,472.2,interp,0.38,716.4,581.2,389.4,0.0,653.9,1162.5,1,298.3,0,1,shot_pb=1.00|flight_commit=1.00|keepin_prop=0.00|keepin_zoom=1.350|edge_zoom=0.982|bounds
77,717.6,472.1,interp,0.38,721.4,581.3,394.5,0.0,653.9,1162.6,1,300.2,0,0,shot_pb=1.00|flight_commit=1.00|person_ctx=4|edge_zoom=0.982|bounds
78,724.4,472.1,yolo,0.35,726.4,581.3,399.5,0.0,653.9,1162.5,1,302.0,0,1,shot_pb=1.00|flight_commit=1.00|keepin_prop=0.07|keepin_zoom=1.350|edge_zoom=0.981|bounds
79,731.7,472.2,yolo,0.37,731.4,581.1,404.5,0.0,653.8,1162.2,1,303.7,0,1,shot_pb=1.00|flight_commit=1.00|person_ctx=4|keepin_prop=0.00|keepin_zoom=1.350|edge_zoom=0.982|bounds
80,738.8,472.4,yolo,0.37,736.3,580.8,409.6,0.0,653.4,1161.6,1,301.5,0,0,shot_pb=1.00|flight_commit=1.00|person_ctx=4|edge_zoom=0.983|bounds
81,745.3,472.6,interp,0.38,741.2,580.4,414.7,0.0,652.9,1160.7,1,299.9,0,1,shot_pb=1.00|flight_commit=1.00|person_ctx=4|keepin_prop=0.05|keepin_zoom=1.350|edge_zoom=0.981|bounds
82,751.6,472.9,yolo,0.34,746.0,579.8,419.9,0.0,652.2,1159.5,1,298.4,0,1,shot_pb=1.00|flight_commit=1.00|person_ctx=3|keepin_prop=0.00|keepin_zoom=1.350|edge_zoom=0.983|bounds
83,758.1,473.2,yolo,0.31,750.8,579.0,425.1,0.0,651.4,1158.1,1,296.7,0,0,shot_pb=1.00|flight_commit=1.00|person_ctx=4|edge_zoom=0.984|bounds
84,764.3,473.5,yolo,0.42,755.6,578.2,430.3,0.0,650.5,1156.5,1,295.3,0,1,shot_pb=1.00|flight_commit=1.00|person_ctx=4|keepin_prop=0.07|keepin_zoom=1.350|edge_zoom=0.981|bounds
85,770.3,473.8,yolo,0.45,760.3,577.4,435.5,0.0,649.6,1154.8,1,294.0,0,1,shot_pb=1.00|flight_commit=1.00|keepin_prop=0.00|keepin_zoom=1.350|edge_zoom=0.983|bounds
86,776.0,474.1,yolo,0.46,765.0,576.5,440.7,0.0,648.6,1153.0,1,293.0,0,0,shot_pb=1.00|flight_commit=1.00|edge_zoom=0.985|bounds
87,781.3,474.3,interp,0.38,769.6,575.7,445.8,0.0,647.7,1151.4,1,292.3,0,1,shot_pb=1.00|flight_commit=1.00|keepin_prop=0.07|keepin_zoom=1.350|edge_zoom=0.982|bounds
88,786.5,474.6,interp,0.38,774.2,574.9,450.8,0.0,646.8,1149.9,1,291.7,0,1,shot_pb=1.00|flight_commit=1.00|keepin_prop=0.00|keepin_zoom=1.350|edge_zoom=0.983|bounds
89,791.6,474.9,interp,0.38,778.8,574.3,455.8,0.0,646.0,1148.5,1,291.2,0,0,shot_pb=1.00|flight_commit=1.00|edge_zoom=0.985|bounds
90,796.7,475.2,interp,0.38,783.4,573.7,460.7,0.0,645.4,1147.4,1,290.7,0,1,shot_pb=1.00|flight_commit=1.00|keepin_prop=0.08|keepin_zoom=1.350|edge_zoom=0.982|bounds
91,801.8,475.5,yolo,0.42,788.0,573.2,465.6,0.0,644.9,1146.5,1,290.2,0,1,shot_pb=1.00|flight_commit=1.00|keepin_prop=0.00|keepin_zoom=1.350|edge_zoom=0.984|bounds
92,807.4,475.8,yolo,0.44,792.7,572.9,470.4,0.0,644.5,1145.7,1,289.3,0,0,shot_pb=1.00|flight_commit=1.00|edge_zoom=0.986|bounds
93,813.1,476.1,yolo,0.43,797.4,572.6,475.3,0.0,644.1,1145.1,1,288.3,0,1,shot_pb=1.00|flight_commit=1.00|keepin_prop=0.08|keepin_zoom=1.350|edge_zoom=0.982|bounds
94,818.7,476.4,yolo,0.49,802.2,572.3,480.3,0.0,643.9,1144.6,1,287.5,0,1,shot_pb=1.00|flight_commit=1.00|keepin_prop=0.00|keepin_zoom=1.350|edge_zoom=0.984|bounds
95,824.3,476.7,yolo,0.44,807.2,572.1,485.4,0.0,643.6,1144.3,1,286.9,0,0,shot_pb=1.00|flight_commit=1.00|edge_zoom=0.986|bounds
96,830.0,476.9,yolo,0.44,812.4,572.0,490.7,0.0,643.5,1143.9,1,286.4,0,1,shot_pb=1.00|flight_commit=1.00|keepin_prop=0.07|keepin_zoom=1.350|edge_zoom=0.983|bounds
97,835.7,477.2,interp,0.38,817.9,571.8,496.2,0.0,643.3,1143.7,1,286.2,0,1,shot_pb=1.00|flight_commit=1.00|keepin_prop=0.00|keepin_zoom=1.350|edge_zoom=0.984|bounds
98,841.7,477.5,interp,0.38,823.7,571.7,502.1,0.0,643.2,1143.5,1,286.0,0,0,shot_pb=1.00|flight_commit=1.00|edge_zoom=0.986|bounds
99,847.9,477.7,interp,0.38,829.8,571.6,508.2,0.0,643.1,1143.3,1,285.9,0,1,shot_pb=1.00|flight_commit=1.00|keepin_prop=0.07|keepin_zoom=1.350|edge_zoom=0.983|bounds
100,854.5,477.9,interp,0.38,836.3,571.6,514.8,0.0,643.1,1143.2,1,285.8,0,1,shot_pb=1.00|flight_commit=1.00|keepin_prop=0.00|keepin_zoom=1.350|edge_zoom=0.985|bounds
101,861.5,478.2,interp,0.38,843.4,571.6,521.9,0.0,643.1,1143.2,1,285.9,0,0,shot_pb=1.00|flight_commit=1.00|edge_zoom=0.986|bounds
102,869.1,478.4,interp,0.38,851.0,571.7,529.4,0.0,643.2,1143.5,1,285.9,0,1,shot_pb=1.00|flight_commit=1.00|keepin_prop=0.06|keepin_zoom=1.350|edge_zoom=0.983|bounds
103,877.4,478.7,yolo,0.41,859.1,571.9,537.4,0.0,643.4,1143.9,1,285.7,0,1,shot_pb=1.00|flight_commit=1.00|keepin_prop=0.00|keepin_zoom=1.350|edge_zoom=0.985|bounds
104,886.5,478.9,interp,0.38,867.9,572.3,546.0,0.0,643.8,1144.6,1,285.4,0,0,shot_pb=1.00|flight_commit=1.00|edge_zoom=0.986|bounds
105,896.5,479.2,interp,0.38,877.4,572.8,555.2,0.0,644.4,1145.6,1,284.9,0,1,shot_pb=1.00|flight_commit=1.00|keepin_prop=0.05|keepin_zoom=1.350|edge_zoom=0.984|bounds
106,907.5,479.4,interp,0.38,887.5,573.5,564.9,0.0,645.2,1147.0,1,284.0,0,0,shot_pb=1.00|flight_commit=1.00|edge_zoom=0.986|bounds
107,919.8,479.7,interp,0.38,898.3,574.3,575.2,0.0,646.1,1148.6,1,282.5,0,1,shot_pb=1.00|flight_commit=1.00|keepin_prop=0.09|keepin_zoom=1.350|edge_zoom=0.984|bounds
108,933.4,480.0,interp,0.38,909.7,575.3,586.1,0.0,647.2,1150.5,1,280.3,0,1,shot_pb=1.00|flight_commit=1.00|keepin_prop=0.00|keepin_zoom=1.350|edge_zoom=0.985|bounds
109,948.6,480.3,interp,0.38,921.6,576.3,597.4,0.0,648.4,1152.6,1,277.0,0,0,shot_pb=1.00|flight_commit=1.00|pb_zfit|edge_zoom=0.986|bounds
110,965.6,480.6,yolo,0.39,934.0,577.4,609.2,0.0,649.6,1154.9,1,272.4,0,1,shot_pb=1.00|flight_commit=1.00|pb_zfit|keepin_prop=0.02|keepin_zoom=1.350|edge_zoom=0.985|bounds
111,991.2,481.0,yolo,0.34,946.8,578.6,621.3,0.0,650.9,1157.1,1,259.6,0,0,accel_zoom=0.927|shot_pb=1.00|flight_commit=1.00|edge_zoom=0.986|bounds
112,1013.2,481.4,interp,0.38,959.6,579.6,633.6,0.0,652.1,1159.3,1,250.4,0,1,accel_zoom=0.927|shot_pb=1.00|flight_commit=1.00|pb_zfit|keepin_prop=0.01|keepin_zoom=1.350|edge_zoom=0.986|bounds
113,1035.5,481.8,interp,0.38,972.4,580.6,645.8,0.0,653.2,1161.3,1,240.9,0,0,accel_zoom=0.927|shot_pb=1.00|flight_commit=1.00|pb_zfit|edge_zoom=0.987|bounds
114,1058.0,482.2,interp,0.38,984.9,581.5,657.8,0.0,654.2,1163.1,1,230.9,0,1,accel_zoom=0.927|shot_pb=1.00|flight_commit=1.00|pb_zfit|keepin_prop=0.01|keepin_zoom=1.350|edge_zoom=0.986|bounds
115,1080.3,482.7,interp,0.38,996.8,582.3,669.2,0.0,655.1,1164.5,1,220.5,0,0,accel_zoom=0.927|shot_pb=1.00|flight_commit=1.00|pb_zfit|edge_zoom=0.987|bounds
116,1102.2,483.3,interp,0.38,1007.8,582.9,679.9,0.0,655.7,1165.7,1,209.6,0,1,shot_pb=1.00|flight_commit=1.00|pb_zfit|keepin_prop=0.02|keepin_zoom=1.350|edge_zoom=0.986|bounds
117,1123.3,484.0,interp,0.38,1017.6,583.4,689.5,0.0,656.3,1166.7,1,198.3,0,0,shot_pb=1.00|flight_commit=1.00|pb_zfit|edge_zoom=0.988|bounds
118,1143.5,484.7,interp,0.38,1026.1,583.7,697.8,0.0,656.7,1167.4,1,186.6,0,1,shot_pb=1.00|flight_commit=1.00|pb_zfit|keepin_prop=0.02|keepin_zoom=1.350|edge_zoom=0.987|bounds
119,1162.2,485.6,interp,0.38,1033.1,584.0,704.6,0.0,657.0,1168.0,1,174.9,0,0,shot_pb=1.00|flight_commit=1.00|pb_zfit|edge_zoom=0.989|bounds
120,1179.4,486.6,interp,0.38,1038.4,584.2,709.8,0.0,657.2,1168.4,1,163.0,0,1,shot_pb=1.00|flight_commit=1.00|pb_zfit|keepin_prop=0.03|keepin_zoom=1.350|edge_zoom=0.987|bounds
121,1194.4,487.7,interp,0.38,1042.0,584.3,713.3,0.0,657.3,1168.6,1,151.6,0,0,shot_pb=1.00|flight_commit=1.00|pb_zfit|edge_zoom=0.991|bounds
122,1207.1,489.0,yolo,0.46,1044.0,584.4,715.3,0.0,657.4,1168.8,1,140.9,0,1,shot_pb=1.00|flight_commit=1.00|pb_zfit|keepin_prop=0.05|keepin_zoom=1.350|edge_zoom=0.988|bounds
123,1218.3,490.5,yolo,0.57,1044.7,584.4,715.9,0.0,657.5,1168.8,1,130.4,0,0,shot_pb=1.00|flight_commit=1.00|pb_zfit|edge_zoom=0.994|bounds
124,1219.2,492.3,yolo,0.64,1044.2,584.4,715.5,0.0,657.5,1168.9,1,129.0,0,0,shot_pb=1.00|flight_commit=1.00|pb_zfit|bounds
125,1215.9,494.5,yolo,0.68,1043.0,584.5,714.3,0.0,657.5,1168.9,1,131.1,0,0,shot_pb=1.00|flight_commit=1.00|pb_zfit|edge_zoom=0.990|bounds
126,1211.1,497.1,yolo,0.73,1041.6,584.5,712.8,0.0,657.5,1168.9,1,134.5,0,0,shot_pb=1.00|flight_commit=1.00|pb_zfit|edge_zoom=0.992|bounds
127,1206.3,499.9,yolo,0.71,1040.3,584.5,711.6,0.0,657.5,1168.9,1,138.0,0,0,shot_pb=1.00|flight_commit=1.00|pb_zfit|edge_zoom=0.979|bounds
128,1202.0,502.5,yolo,0.74,1039.7,584.5,710.9,0.0,657.5,1168.9,1,141.7,0,1,shot_pb=1.00|flight_commit=1.00|pb_zfit|keepin_prop=0.00|keepin_zoom=1.350|edge_zoom=0.994|bounds
129,1198.6,504.8,yolo,0.78,1040.0,584.5,711.2,0.0,657.5,1168.9,1,145.4,0,0,shot_pb=1.00|flight_commit=1.00|pb_zfit|edge_zoom=0.951|bounds
130,1196.2,506.9,yolo,0.79,1041.5,584.5,712.7,0.0,657.5,1168.9,1,149.3,0,0,shot_pb=1.00|flight_commit=1.00|pb_zfit|edge_zoom=0.927|bounds
131,1195.0,508.8,yolo,0.82,1044.4,584.5,715.6,0.0,657.5,1168.9,1,153.4,0,0,shot_pb=1.00|flight_commit=1.00|pb_zfit|edge_zoom=0.986|bounds
132,1195.0,510.7,yolo,0.82,1048.7,584.5,720.0,0.0,657.5,1168.9,1,157.7,0,0,shot_pb=1.00|flight_commit=1.00|pb_zfit|edge_zoom=0.981|bounds
133,1196.1,512.7,yolo,0.83,1054.4,584.5,725.6,0.0,657.5,1168.9,1,162.3,0,0,shot_pb=1.00|flight_commit=1.00|pb_zfit|edge_zoom=0.972|bounds
134,1198.4,514.8,yolo,0.84,1061.2,584.5,732.5,0.0,657.5,1168.9,1,166.8,0,0,shot_pb=1.00|flight_commit=1.00|pb_zfit|edge_zoom=0.978|bounds
135,1201.7,517.1,yolo,0.82,1069.0,584.5,740.2,0.0,657.5,1168.9,1,171.3,0,0,shot_pb=1.00|flight_commit=1.00|pb_zfit|edge_zoom=0.981|bounds
136,1206.0,519.7,yolo,0.82,1077.4,584.5,748.6,0.0,657.5,1168.9,1,175.4,0,1,shot_pb=1.00|flight_commit=1.00|pb_zfit|keepin_prop=0.00|keepin_zoom=1.350|bounds
137,1211.1,522.7,yolo,0.84,1086.2,584.5,757.4,0.0,657.5,1168.9,1,179.1,0,0,shot_pb=1.00|flight_commit=1.00|pb_zfit|edge_zoom=0.981|bounds
138,1217.0,525.9,yolo,0.84,1094.9,584.5,766.2,0.0,657.5,1168.9,1,181.9,0,1,shot_pb=1.00|flight_commit=1.00|pb_zfit|keepin_prop=0.02|keepin_zoom=1.350|edge_zoom=0.997|bounds
139,1223.4,529.5,yolo,0.86,1103.5,584.5,774.8,0.0,657.5,1168.9,1,184.1,0,0,shot_pb=1.00|pb_zfit|edge_zoom=0.979|bounds
140,1230.1,533.2,yolo,0.85,1111.7,584.5,783.0,0.0,657.5,1168.9,1,185.6,0,1,shot_pb=1.00|pb_zfit|keepin_prop=0.03|keepin_zoom=1.350|edge_zoom=0.994|bounds
141,1236.7,536.6,interp,0.38,1119.4,584.5,790.6,0.0,657.5,1168.9,1,186.7,0,1,shot_pb=1.00|flight_commit=1.00|pb_zfit|keepin_prop=0.00|keepin_zoom=1.350|edge_zoom=0.993|bounds
142,1243.3,539.8,yolo,0.85,1126.3,584.5,797.6,0.0,657.5,1168.9,1,187.0,0,0,shot_pb=1.00|flight_commit=1.00|pb_zfit|edge_zoom=0.977|bounds
143,1250.6,543.0,yolo,0.88,1132.6,584.5,803.8,0.0,657.5,1168.9,1,186.0,0,1,shot_pb=1.00|flight_commit=1.00|pb_zfit|keepin_prop=0.02|keepin_zoom=1.350|edge_zoom=0.990|bounds
144,1257.7,545.8,yolo,0.87,1138.0,584.5,809.2,0.0,657.5,1168.9,1,184.3,0,0,shot_pb=1.00|flight_commit=1.00|pb_zfit|edge_zoom=0.977|bounds
145,1263.4,548.1,interp,0.38,1142.6,584.5,813.8,0.0,657.5,1168.9,1,183.2,0,1,shot_pb=1.00|flight_commit=1.00|pb_zfit|keepin_prop=0.06|keepin_zoom=1.350|edge_zoom=0.987|bounds
146,1268.7,550.2,interp,0.38,1146.3,584.5,817.5,0.0,657.5,1168.9,1,181.6,0,1,shot_pb=1.00|flight_commit=1.00|pb_zfit|keepin_prop=0.00|keepin_zoom=1.350|edge_zoom=0.988|bounds
147,1273.6,552.2,interp,0.38,1149.1,584.5,820.3,0.0,657.5,1168.9,1,179.5,0,0,shot_pb=1.00|flight_commit=1.00|pb_zfit|edge_zoom=0.974|bounds
148,1278.2,554.2,interp,0.38,1150.9,584.5,822.2,0.0,657.5,1168.9,1,176.7,0,1,shot_pb=1.00|flight_commit=1.00|pb_zfit|keepin_prop=0.04|keepin_zoom=1.350|edge_zoom=0.985|bounds
149,1282.4,556.0,yolo,0.71,1151.8,584.5,823.1,0.0,657.5,1168.9,1,173.4,0,0,shot_pb=1.00|flight_commit=1.00|pb_zfit|edge_zoom=0.971|bounds
150,1286.3,557.9,interp,0.38,1151.7,584.5,823.0,0.0,657.5,1168.9,1,169.4,0,1,shot_pb=1.00|flight_commit=1.00|pb_zfit|keepin_prop=0.07|keepin_zoom=1.350|edge_zoom=0.983|bounds
151,1289.8,559.8,yolo,0.59,1150.6,584.5,821.9,0.0,657.5,1168.9,1,164.8,0,1,shot_pb=1.00|flight_commit=1.00|pb_zfit|keepin_prop=0.00|keepin_zoom=1.350|edge_zoom=0.984|bounds
152,1292.6,562.0,interp,0.38,1148.6,584.5,819.8,0.0,657.5,1168.9,1,160.0,0,0,shot_pb=1.00|flight_commit=1.00|person_ctx=4|pb_zfit|edge_zoom=0.962|bounds
153,1294.9,564.3,yolo,0.51,1145.7,584.5,816.9,0.0,657.5,1168.9,1,154.8,0,1,shot_pb=1.00|flight_commit=1.00|pb_zfit|keepin_prop=0.00|keepin_zoom=1.350|edge_zoom=0.984|bounds
154,1296.6,567.0,yolo,0.50,1142.1,584.5,813.3,0.0,657.5,1168.9,1,149.5,0,0,shot_pb=1.00|flight_commit=1.00|pb_zfit|edge_zoom=0.959|bounds
155,1297.5,570.1,yolo,0.57,1137.9,584.5,809.1,0.0,657.5,1168.9,1,144.4,0,0,shot_pb=1.00|flight_commit=1.00|pb_zfit|edge_zoom=0.960|bounds
156,1297.7,573.3,yolo,0.58,1133.4,584.5,804.6,0.0,657.5,1168.9,1,139.7,0,0,shot_pb=1.00|flight_commit=1.00|person_ctx=4|pb_zfit|edge_zoom=0.945|bounds
157,1297.4,576.0,interp,0.38,1128.9,584.5,800.1,0.0,657.5,1168.9,1,135.5,0,0,shot_pb=1.00|flight_commit=1.00|person_ctx=4|pb_zfit|edge_zoom=0.944|bounds
158,1296.7,578.6,yolo,0.61,1124.6,584.5,795.9,0.0,657.5,1168.9,1,131.9,0,0,shot_pb=1.00|flight_commit=1.00|person_ctx=4|pb_zfit|edge_zoom=0.944|bounds
159,1295.4,581.0,yolo,0.63,1121.0,584.5,792.3,0.0,657.5,1168.9,1,129.6,0,0,shot_pb=1.00|flight_commit=1.00|person_ctx=4|pb_zfit|edge_zoom=0.946|bounds
160,1293.9,583.3,yolo,0.64,1118.3,584.5,789.6,0.0,657.5,1168.9,1,128.4,0,0,shot_pb=1.00|flight_commit=1.00|person_ctx=4|pb_zfit|edge_zoom=0.946|bounds
161,1292.6,585.6,yolo,0.69,1116.8,584.5,788.0,0.0,657.5,1168.9,1,128.2,0,0,shot_pb=1.00|flight_commit=1.00|person_ctx=4|pb_zfit|edge_zoom=0.944|bounds
162,1291.6,588.1,yolo,0.75,1116.7,584.5,787.9,0.0,657.5,1168.9,1,129.1,0,0,shot_pb=1.00|flight_commit=1.00|person_ctx=4|pb_zfit|edge_zoom=0.945|bounds
163,1290.9,590.5,yolo,0.77,1118.0,584.5,789.3,0.0,657.5,1168.9,1,131.1,0,0,shot_pb=1.00|flight_commit=1.00|person_ctx=4|pb_zfit|edge_zoom=0.943|bounds
164,1290.6,592.9,yolo,0.81,1120.9,584.5,792.2,0.0,657.5,1168.9,1,134.3,0,0,shot_pb=1.00|flight_commit=1.00|person_ctx=4|pb_zfit|edge_zoom=0.938|bounds
165,1290.6,595.1,yolo,0.84,1125.4,584.5,796.6,0.0,657.5,1168.9,1,138.8,0,0,shot_pb=1.00|flight_commit=1.00|person_ctx=4|pb_zfit|edge_zoom=0.936|bounds
166,1291.2,597.3,yolo,0.83,1131.2,584.5,802.4,0.0,657.5,1168.9,1,144.0,0,0,shot_pb=1.00|flight_commit=1.00|person_ctx=4|pb_zfit|edge_zoom=0.937|bounds
167,1292.3,599.5,yolo,0.84,1138.2,584.5,809.5,0.0,657.5,1168.9,1,149.9,0,0,shot_pb=1.00|flight_commit=1.00|person_ctx=4|pb_zfit|edge_zoom=0.939|bounds
168,1294.1,601.6,yolo,0.79,1146.3,584.5,817.5,0.0,657.5,1168.9,1,156.2,0,0,shot_pb=1.00|flight_commit=1.00|person_ctx=3|pb_zfit|edge_zoom=0.942|bounds
169,1296.7,603.8,yolo,0.66,1155.1,584.5,826.4,0.0,657.5,1168.9,1,162.4,0,0,shot_pb=1.00|flight_commit=1.00|person_ctx=3|pb_zfit|edge_zoom=0.945|bounds
170,1300.1,605.9,interp,0.38,1164.6,584.5,835.8,0.0,657.5,1168.9,1,168.5,0,1,shot_pb=1.00|flight_commit=1.00|person_ctx=3|pb_zfit|keepin_prop=0.02|keepin_zoom=1.350|edge_zoom=0.965|bounds
171,1304.3,608.0,interp,0.38,1174.4,584.5,845.7,0.0,657.5,1168.9,1,174.1,0,0,shot_pb=1.00|flight_commit=1.00|person_ctx=3|pb_zfit|edge_zoom=0.950|bounds
172,1309.4,610.1,yolo,0.63,1184.5,584.5,855.8,0.0,657.5,1168.9,1,179.1,0,1,shot_pb=1.00|flight_commit=1.00|person_ctx=3|pb_zfit|keepin_prop=0.07|keepin_zoom=1.350|edge_zoom=0.961|bounds
173,1315.6,612.5,yolo,0.67,1194.8,584.5,866.0,0.0,657.5,1168.9,1,183.2,0,1,shot_pb=1.00|flight_commit=1.00|person_ctx=3|pb_zfit|keepin_prop=0.00|keepin_zoom=1.350|edge_zoom=0.964|bounds
174,1322.9,614.8,yolo,0.72,1205.1,584.5,876.4,0.0,657.5,1168.9,1,186.2,0,0,shot_pb=1.00|flight_commit=1.00|person_ctx=3|pb_zfit|edge_zoom=0.952|bounds
175,1331.5,617.3,yolo,0.74,1215.5,584.5,886.7,0.0,657.5,1168.9,1,188.0,0,1,shot_pb=1.00|flight_commit=1.00|person_ctx=3|pb_zfit|keepin_prop=0.04|keepin_zoom=1.350|edge_zoom=0.960|bounds
176,1341.7,620.0,yolo,0.78,1225.9,584.5,897.1,0.0,657.5,1168.9,1,188.2,0,0,shot_pb=1.00|flight_commit=1.00|person_ctx=3|pb_zfit|edge_zoom=0.952|bounds
177,1353.3,622.8,yolo,0.80,1236.3,584.5,907.6,0.0,657.5,1168.9,1,187.0,0,1,shot_pb=1.00|flight_commit=1.00|person_ctx=3|pb_zfit|keepin_prop=0.06|keepin_zoom=1.350|edge_zoom=0.956|bounds
178,1366.3,625.7,yolo,0.82,1246.8,584.5,918.0,0.0,657.5,1168.9,1,184.5,0,0,shot_pb=1.00|flight_commit=1.00|person_ctx=3|pb_zfit|edge_zoom=0.951|bounds
179,1380.3,628.8,yolo,0.75,1257.3,584.5,928.5,0.0,657.5,1168.9,1,181.0,0,1,shot_pb=1.00|flight_commit=1.00|pb_zfit|keepin_prop=0.07|keepin_zoom=1.350|edge_zoom=0.954|bounds
180,1395.3,631.9,yolo,0.77,1267.8,584.5,939.0,0.0,657.5,1168.9,1,176.5,0,0,shot_pb=1.00|flight_commit=1.00|pb_zfit|edge_zoom=0.949|bounds
181,1410.8,635.0,yolo,0.80,1278.3,584.5,949.6,0.0,657.5,1168.9,1,171.5,0,1,shot_pb=1.00|flight_commit=1.00|pb_zfit|keepin_prop=0.06|keepin_zoom=1.350|edge_zoom=0.951|bounds
182,1426.9,638.1,yolo,0.83,1288.8,584.5,960.0,0.0,657.5,1168.9,1,165.9,0,0,shot_pb=1.00|flight_commit=1.00|pb_zfit|edge_zoom=0.947|bounds
183,1443.2,641.3,yolo,0.83,1299.2,584.5,970.4,0.0,657.5,1168.9,1,160.0,0,1,shot_pb=1.00|flight_commit=1.00|pb_zfit|keepin_prop=0.05|keepin_zoom=1.350|edge_zoom=0.949|bounds
184,1459.7,644.5,yolo,0.85,1309.4,584.5,980.6,0.0,657.5,1168.9,1,153.7,0,0,shot_pb=1.00|flight_commit=1.00|pb_zfit|edge_zoom=0.945|bounds
185,1476.0,647.6,yolo,0.85,1319.3,584.5,990.6,0.0,657.5,1168.9,1,147.3,0,1,shot_pb=1.00|pb_zfit|keepin_prop=0.05|keepin_zoom=1.350|edge_zoom=0.947|bounds
186,1492.0,650.6,yolo,0.81,1328.9,584.5,1000.2,0.0,657.5,1168.9,1,140.9,0,0,shot_pb=1.00|pb_zfit|edge_zoom=0.943|bounds
187,1507.5,653.6,yolo,0.78,1338.1,584.5,1009.3,0.0,657.5,1168.9,1,134.6,0,1,shot_pb=1.00|flight_commit=1.00|pb_zfit|keepin_prop=0.05|keepin_zoom=1.350|edge_zoom=0.944|bounds
188,1522.5,656.5,yolo,0.82,1346.7,584.5,1018.0,0.0,657.5,1168.9,1,128.2,0,0,shot_pb=1.00|pb_zfit|edge_zoom=0.940|bounds
189,1536.6,659.2,yolo,0.85,1354.7,584.5,1026.0,0.0,657.5,1168.9,1,122.1,0,1,shot_pb=1.00|pb_zfit|keepin_prop=0.06|keepin_zoom=1.350|edge_zoom=0.942|bounds
190,1549.8,661.7,yolo,0.86,1361.9,584.5,1033.2,0.0,657.5,1168.9,1,116.1,0,0,shot_pb=1.00|pb_zfit|edge_zoom=0.939|bounds
191,1562.1,664.1,yolo,0.86,1368.3,584.5,1039.6,0.0,657.5,1168.9,1,110.2,0,1,shot_pb=1.00|pb_zfit|keepin_prop=0.07|keepin_zoom=1.350|edge_zoom=0.939|bounds
192,1573.3,666.2,yolo,0.78,1373.7,584.5,1045.0,0.0,657.5,1168.9,1,104.4,0,1,shot_pb=1.00|pb_zfit|keepin_prop=0.00|keepin_zoom=1.350|edge_zoom=0.943|bounds
193,1583.4,668.2,yolo,0.67,1378.2,584.5,1049.4,0.0,657.5,1168.9,1,98.8,0,0,shot_pb=1.00|flight_commit=1.00|pb_zfit|edge_zoom=0.936|bounds
194,1592.1,669.9,yolo,0.62,1381.5,584.5,1052.7,0.0,657.5,1168.9,1,93.4,0,1,shot_pb=1.00|flight_commit=1.00|pb_zfit|keepin_prop=0.03|keepin_zoom=1.350|edge_zoom=0.939|bounds
195,1599.5,671.3,yolo,0.70,1383.7,584.5,1054.9,0.0,657.5,1168.9,1,88.2,0,0,shot_pb=1.00|flight_commit=1.00|pb_zfit|edge_zoom=0.935|bounds
196,1605.2,672.4,yolo,0.76,1384.8,584.5,1056.0,0.0,657.5,1168.9,1,83.6,0,1,shot_pb=1.00|flight_commit=1.00|pb_zfit|keepin_prop=0.09|keepin_zoom=1.350|edge_zoom=0.933|bounds
197,1609.4,673.2,yolo,0.74,1384.8,584.5,1056.1,0.0,657.5,1168.9,1,79.4,0,1,shot_pb=1.00|flight_commit=1.00|pb_zfit|keepin_prop=0.00|keepin_zoom=1.350|edge_zoom=0.940|bounds
198,1612.0,673.7,yolo,0.63,1383.8,584.5,1055.0,0.0,657.5,1168.9,1,75.8,0,0,shot_pb=1.00|flight_commit=1.00|pb_zfit|edge_zoom=0.934|bounds
199,1613.2,673.9,yolo,0.60,1381.8,584.5,1053.0,0.0,657.5,1168.9,1,72.6,0,1,shot_pb=1.00|flight_commit=1.00|pb_zfit|keepin_prop=0.08|keepin_zoom=1.350|edge_zoom=0.933|bounds
200,1612.9,673.8,yolo,0.68,1378.9,584.5,1050.1,0.0,657.5,1168.9,1,70.0,0,0,shot_pb=1.00|flight_commit=1.00|pb_zfit|edge_zoom=0.877|bounds
201,1611.1,673.5,yolo,0.68,1375.3,584.5,1046.6,0.0,657.5,1168.9,1,68.2,0,0,shot_pb=1.00|flight_commit=1.00|pb_zfit|edge_zoom=0.787|bounds
202,1608.2,673.1,yolo,0.71,1371.2,584.5,1042.4,0.0,657.5,1168.9,1,67.0,0,0,shot_pb=1.00|flight_commit=1.00|pb_zfit|edge_zoom=0.790|bounds
203,1604.4,672.5,yolo,0.58,1366.6,584.5,1037.9,0.0,657.5,1168.9,1,66.2,0,0,shot_pb=1.00|flight_commit=1.00|pb_zfit|edge_zoom=0.792|bounds
204,1599.8,671.8,yolo,0.63,1361.8,584.5,1033.1,0.0,657.5,1168.9,1,66.0,0,0,shot_pb=1.00|flight_commit=1.00|pb_zfit|edge_zoom=0.794|bounds
205,1594.4,670.9,yolo,0.68,1357.0,584.5,1028.2,0.0,657.5,1168.9,1,66.6,0,0,shot_pb=1.00|flight_commit=1.00|person_ctx=4|pb_zfit|edge_zoom=0.796|bounds
206,1588.5,670.0,yolo,0.68,1352.2,584.5,1023.4,0.0,657.5,1168.9,1,67.7,0,0,shot_pb=1.00|flight_commit=1.00|pb_zfit|edge_zoom=0.798|bounds
207,1582.2,669.0,yolo,0.66,1347.7,584.5,1018.9,0.0,657.5,1168.9,1,69.5,0,0,shot_pb=1.00|flight_commit=1.00|pb_zfit|edge_zoom=0.800|bounds
208,1575.6,668.0,yolo,0.65,1343.6,584.5,1014.8,0.0,657.5,1168.9,1,72.0,0,0,shot_pb=1.00|flight_commit=1.00|person_ctx=4|pb_zfit|edge_zoom=0.802|bounds
209,1568.9,667.0,yolo,0.62,1340.1,584.5,1011.3,0.0,657.5,1168.9,1,75.2,0,0,shot_pb=1.00|flight_commit=1.00|person_ctx=4|pb_zfit|edge_zoom=0.803|bounds
210,1562.3,665.9,yolo,0.67,1337.3,584.5,1008.5,0.0,657.5,1168.9,1,79.0,0,0,shot_pb=1.00|flight_commit=1.00|person_ctx=4|pb_zfit|edge_zoom=0.804|bounds
211,1555.9,664.9,yolo,0.58,1335.3,584.5,1006.5,0.0,657.5,1168.9,1,83.4,0,0,shot_pb=1.00|flight_commit=1.00|person_ctx=4|pb_zfit|edge_zoom=0.805|bounds
212,1549.9,664.0,yolo,0.61,1334.3,584.5,1005.5,0.0,657.5,1168.9,1,88.4,0,0,shot_pb=1.00|flight_commit=1.00|person_ctx=4|pb_zfit|edge_zoom=0.805|bounds
213,1544.6,663.1,yolo,0.57,1334.2,584.5,1005.5,0.0,657.5,1168.9,1,93.6,0,0,shot_pb=1.00|flight_commit=1.00|pb_zfit|edge_zoom=0.804|bounds
214,1540.1,662.4,yolo,0.49,1335.3,584.5,1006.5,0.0,657.5,1168.9,1,99.2,0,0,shot_pb=1.00|flight_commit=1.00|pb_zfit|edge_zoom=0.803|bounds
215,1536.6,661.8,yolo,0.47,1337.4,584.5,1008.6,0.0,657.5,1168.9,1,104.8,0,0,shot_pb=1.00|flight_commit=1.00|pb_zfit|edge_zoom=0.802|bounds
216,1534.5,661.5,yolo,0.52,1340.5,584.5,1011.7,0.0,657.5,1168.9,1,110.0,0,0,shot_pb=1.00|flight_commit=1.00|pb_zfit|edge_zoom=0.800|bounds
217,1534.4,661.3,yolo,0.58,1344.5,584.5,1015.7,0.0,657.5,1168.9,1,114.1,0,0,shot_pb=1.00|flight_commit=1.00|person_ctx=3|pb_zfit|edge_zoom=0.859|bounds
218,1536.5,661.6,yolo,0.66,1349.3,584.5,1020.6,0.0,657.5,1168.9,1,116.8,0,0,shot_pb=1.00|flight_commit=1.00|person_ctx=3|pb_zfit|edge_zoom=0.941|bounds
219,1540.4,662.1,yolo,0.72,1354.9,584.5,1026.1,0.0,657.5,1168.9,1,118.5,0,1,shot_pb=1.00|flight_commit=1.00|pb_zfit|keepin_prop=0.00|keepin_zoom=1.350|edge_zoom=0.945|bounds
220,1546.2,663.0,yolo,0.71,1360.9,584.5,1032.2,0.0,657.5,1168.9,1,118.7,0,0,shot_pb=1.00|flight_commit=1.00|pb_zfit|edge_zoom=0.939|bounds
221,1553.5,664.0,yolo,0.77,1367.3,584.5,1038.6,0.0,657.5,1168.9,1,117.8,0,1,shot_pb=1.00|flight_commit=1.00|pb_zfit|keepin_prop=0.06|keepin_zoom=1.350|edge_zoom=0.940|bounds
222,1561.8,664.8,yolo,0.79,1373.9,584.5,1045.1,0.0,657.5,1168.9,1,116.1,0,1,shot_pb=1.00|flight_commit=1.00|pb_zfit|keepin_prop=0.00|keepin_zoom=1.350|edge_zoom=0.944|bounds
223,1570.7,665.5,yolo,0.83,1380.5,584.5,1051.7,0.0,657.5,1168.9,1,113.8,0,0,shot_pb=1.00|flight_commit=1.00|pb_zfit|edge_zoom=0.941|bounds
224,1580.1,666.2,yolo,0.85,1386.9,584.5,1058.1,0.0,657.5,1168.9,1,110.8,0,1,shot_pb=1.00|flight_commit=1.00|pb_zfit|keepin_prop=0.04|keepin_zoom=1.350|edge_zoom=0.940|bounds
225,1589.6,666.9,yolo,0.88,1392.9,584.5,1064.2,0.0,657.5,1168.9,1,107.3,0,0,shot_pb=1.00|flight_commit=1.00|pb_zfit|edge_zoom=0.940|bounds
226,1598.9,667.7,yolo,0.82,1398.6,584.5,1069.8,0.0,657.5,1168.9,1,103.7,0,1,shot_pb=1.00|flight_commit=1.00|pb_zfit|keepin_prop=0.08|keepin_zoom=1.350|edge_zoom=0.936|bounds
227,1607.9,668.3,yolo,0.84,1403.7,584.5,1074.9,0.0,657.5,1168.9,1,99.8,0,1,shot_pb=1.00|flight_commit=1.00|pb_zfit|keepin_prop=0.00|keepin_zoom=1.350|edge_zoom=0.942|bounds
228,1616.1,668.7,yolo,0.86,1408.1,584.5,1079.4,0.0,657.5,1168.9,1,96.0,0,0,shot_pb=1.00|flight_commit=1.00|pb_zfit|edge_zoom=0.941|bounds
229,1623.5,668.8,yolo,0.88,1411.9,584.5,1083.1,0.0,657.5,1168.9,1,92.4,0,1,shot_pb=1.00|pb_zfit|keepin_prop=0.05|keepin_zoom=1.350|edge_zoom=0.938|bounds
230,1630.0,668.6,yolo,0.90,1414.8,584.5,1086.1,0.0,657.5,1168.9,1,88.8,0,1,shot_pb=1.00|pb_zfit|keepin_prop=0.00|keepin_zoom=1.350|edge_zoom=0.942|bounds
231,1635.4,668.3,yolo,0.91,1417.0,584.5,1088.2,0.0,657.5,1168.9,1,85.6,0,0,shot_pb=1.00|pb_zfit|edge_zoom=0.945|bounds
232,1639.6,667.7,yolo,0.92,1418.2,584.5,1089.5,0.0,657.5,1168.9,1,82.6,0,1,shot_pb=1.00|person_ctx=4|pb_zfit|keepin_prop=0.06|keepin_zoom=1.350|edge_zoom=0.938|bounds
233,1643.0,666.8,yolo,0.88,1418.6,584.5,1089.8,0.0,657.5,1168.9,1,79.6,0,1,shot_pb=1.00|person_ctx=4|pb_zfit|keepin_prop=0.00|keepin_zoom=1.350|edge_zoom=0.943|bounds
234,1645.5,665.6,yolo,0.82,1418.1,584.5,1089.3,0.0,657.5,1168.9,1,76.6,0,0,shot_pb=1.00|person_ctx=4|pb_zfit|edge_zoom=0.958|bounds
235,1647.1,664.1,yolo,0.84,1416.7,584.5,1088.0,0.0,657.5,1168.9,1,73.6,0,1,shot_pb=1.00|person_ctx=3|pb_zfit|keepin_prop=0.00|keepin_zoom=1.350|edge_zoom=0.958|bounds
236,1647.6,662.4,yolo,0.86,1414.5,584.5,1085.8,0.0,657.5,1168.9,1,70.9,0,0,shot_pb=1.00|person_ctx=4|pb_zfit|edge_zoom=0.999|bounds
237,1647.2,660.6,yolo,0.78,1411.5,584.5,1082.8,0.0,657.5,1168.9,1,68.3,0,0,shot_pb=1.00|person_ctx=4|pb_zfit|edge_zoom=0.980|bounds
238,1646.0,658.7,yolo,0.80,1407.8,584.5,1079.0,0.0,657.5,1168.9,1,65.8,0,0,shot_pb=1.00|person_ctx=4|pb_zfit|edge_zoom=0.880|bounds
239,1643.9,656.5,interp,0.38,1403.4,584.5,1074.6,0.0,657.5,1168.9,1,63.5,0,0,shot_pb=1.00|flight_commit=1.00|pb_zfit|edge_zoom=0.830|bounds
240,1641.0,654.2,yolo,0.83,1398.3,584.5,1069.6,0.0,657.5,1168.9,1,61.3,0,0,shot_pb=1.00|flight_commit=1.00|pb_zfit|edge_zoom=0.818|bounds
241,1637.0,651.6,yolo,0.84,1392.7,584.5,1063.9,0.0,657.5,1168.9,1,59.7,0,0,shot_pb=1.00|flight_commit=1.00|pb_zfit|edge_zoom=0.812|bounds
242,1632.3,648.9,interp,0.38,1386.6,584.5,1057.8,0.0,657.5,1168.9,1,58.3,0,0,shot_pb=1.00|flight_commit=1.00|pb_zfit|edge_zoom=0.809|bounds
243,1626.8,646.0,yolo,0.87,1380.0,584.5,1051.2,0.0,657.5,1168.9,1,57.2,0,0,shot_pb=1.00|flight_commit=1.00|pb_zfit|edge_zoom=0.808|bounds
244,1620.0,642.9,yolo,0.87,1373.0,584.5,1044.2,0.0,657.5,1168.9,1,57.0,0,0,shot_pb=1.00|flight_commit=1.00|pb_zfit|edge_zoom=0.809|bounds
245,1612.7,639.6,yolo,0.88,1365.5,584.5,1036.8,0.0,657.5,1168.9,1,56.8,0,0,shot_pb=1.00|flight_commit=1.00|pb_zfit|edge_zoom=0.810|bounds
246,1604.7,636.1,yolo,0.88,1357.7,584.5,1029.0,0.0,657.5,1168.9,1,57.0,0,0,shot_pb=1.00|pb_zfit|edge_zoom=0.811|bounds
247,1596.5,632.7,interp,0.38,1349.6,584.5,1020.8,0.0,657.5,1168.9,1,57.1,0,0,shot_pb=1.00|flight_commit=1.00|pb_zfit|edge_zoom=0.812|bounds
248,1587.7,629.2,yolo,0.89,1341.1,584.5,1012.3,0.0,657.5,1168.9,1,57.4,0,0,shot_pb=1.00|flight_commit=1.00|pb_zfit|edge_zoom=0.814|bounds
249,1577.9,625.5,yolo,0.91,1332.4,584.5,1003.6,0.0,657.5,1168.9,1,58.5,0,0,shot_pb=1.00|flight_commit=1.00|pb_zfit|edge_zoom=0.817|bounds
250,1567.6,621.6,yolo,0.92,1323.4,584.5,994.6,0.0,657.5,1168.9,1,59.8,0,0,shot_pb=1.00|pb_zfit|edge_zoom=0.819|bounds
251,1556.9,617.7,yolo,0.90,1314.2,584.5,985.4,0.0,657.5,1168.9,1,61.3,0,0,shot_pb=1.00|pb_zfit|edge_zoom=0.822|bounds
252,1546.0,613.6,yolo,0.90,1304.8,584.5,976.1,0.0,657.5,1168.9,1,62.8,0,0,shot_pb=1.00|pb_zfit|edge_zoom=0.824|bounds
253,1534.9,609.6,yolo,0.90,1295.4,584.5,966.6,0.0,657.5,1168.9,1,64.5,0,0,shot_pb=1.00|pb_zfit|edge_zoom=0.826|bounds
254,1523.7,605.5,yolo,0.89,1285.8,584.5,957.0,0.0,657.5,1168.9,1,66.1,0,0,shot_pb=1.00|person_ctx=4|pb_zfit|edge_zoom=0.828|bounds
255,1512.6,601.4,yolo,0.91,1276.2,584.5,947.4,0.0,657.5,1168.9,1,67.6,0,0,shot_pb=1.00|pb_zfit|edge_zoom=0.830|bounds
256,1501.7,597.3,yolo,0.84,1266.6,584.5,937.8,0.0,657.5,1168.9,1,68.9,0,0,shot_pb=1.00|pb_zfit|edge_zoom=0.832|bounds
257,1491.5,593.1,yolo,0.84,1257.0,584.5,928.2,0.0,657.5,1168.9,1,69.5,0,0,shot_pb=1.00|pb_zfit|edge_zoom=0.834|bounds
258,1482.1,588.9,yolo,0.86,1247.5,584.5,918.7,0.0,657.5,1168.9,1,69.4,0,0,shot_pb=1.00|pb_zfit|edge_zoom=0.836|bounds
259,1473.2,584.6,yolo,0.88,1238.0,584.5,909.2,0.0,657.5,1168.9,1,68.8,0,0,shot_pb=1.00|pb_zfit|edge_zoom=0.839|bounds
260,1464.7,580.2,yolo,0.90,1228.6,584.5,899.8,0.0,657.5,1168.9,1,67.9,0,0,shot_pb=1.00|pb_zfit|edge_zoom=0.841|bounds
261,1456.4,576.0,yolo,0.88,1219.2,584.5,890.4,0.0,657.5,1168.9,1,66.8,0,0,shot_pb=1.00|pb_zfit|edge_zoom=0.843|bounds
262,1448.3,571.8,yolo,0.88,1209.8,584.5,881.1,0.0,657.5,1168.9,1,65.5,0,0,shot_pb=1.00|pb_zfit|edge_zoom=0.844|bounds
263,1440.0,567.7,yolo,0.86,1200.5,584.5,871.7,0.0,657.5,1168.9,1,64.5,0,0,shot_pb=1.00|pb_zfit|edge_zoom=0.844|bounds
264,1431.5,563.7,yolo,0.85,1191.2,584.5,862.4,0.0,657.5,1168.9,1,63.7,0,0,shot_pb=1.00|pb_zfit|edge_zoom=0.845|bounds
265,1422.9,559.9,yolo,0.86,1181.8,584.5,853.0,0.0,657.5,1168.9,1,62.9,0,0,shot_pb=1.00|pb_zfit|edge_zoom=0.845|bounds
266,1413.8,556.2,yolo,0.83,1172.4,584.5,843.6,0.0,657.5,1168.9,1,62.6,0,0,shot_pb=1.00|pb_zfit|edge_zoom=0.845|bounds
267,1404.3,552.8,yolo,0.80,1162.9,584.5,834.1,0.0,657.5,1168.9,1,62.6,0,0,shot_pb=1.00|pb_zfit|edge_zoom=0.845|bounds
268,1394.6,549.6,yolo,0.83,1153.3,584.5,824.5,0.0,657.5,1168.9,1,62.7,0,0,shot_pb=1.00|pb_zfit|edge_zoom=0.846|bounds
269,1385.1,546.8,interp,0.38,1143.6,584.5,814.8,0.0,657.5,1168.9,1,62.5,0,0,shot_pb=1.00|flight_commit=1.00|pb_zfit|edge_zoom=0.845|bounds
270,1375.5,544.3,interp,0.38,1133.8,584.5,805.0,0.0,657.5,1168.9,1,62.3,0,0,shot_pb=1.00|flight_commit=1.00|pb_zfit|edge_zoom=0.846|bounds
271,1365.7,542.0,yolo,0.72,1123.8,584.5,795.0,0.0,657.5,1168.9,1,62.1,0,0,shot_pb=1.00|flight_commit=1.00|pb_zfit|edge_zoom=0.847|bounds
272,1354.8,539.8,yolo,0.59,1113.6,584.5,784.9,0.0,657.5,1168.9,1,62.8,0,0,shot_pb=1.00|flight_commit=1.00|pb_zfit|edge_zoom=0.850|bounds
273,1344.4,538.0,interp,0.38,1103.3,584.5,774.5,0.0,657.5,1168.9,1,62.9,0,0,shot_pb=1.00|flight_commit=1.00|pb_zfit|edge_zoom=0.850|bounds
274,1334.0,536.6,yolo,0.55,1092.8,584.5,764.0,0.0,657.5,1168.9,1,62.8,0,0,shot_pb=1.00|flight_commit=1.00|pb_zfit|edge_zoom=0.851|bounds
275,1324.3,536.4,interp,0.38,1082.1,584.5,753.3,0.0,657.5,1168.9,1,61.8,0,0,shot_pb=1.00|flight_commit=1.00|pb_zfit|edge_zoom=0.849|bounds
276,1314.6,536.4,interp,0.38,1071.2,584.5,742.4,0.0,657.5,1168.9,1,60.6,0,0,shot_pb=1.00|flight_commit=1.00|pb_zfit|edge_zoom=0.851|bounds
277,1304.5,536.3,interp,0.38,1060.1,584.5,731.3,0.0,657.5,1168.9,1,59.6,0,0,shot_pb=1.00|flight_commit=1.00|pb_zfit|edge_zoom=0.854|bounds
278,1294.1,536.1,interp,0.38,1048.8,584.5,720.1,0.0,657.5,1168.9,1,58.7,0,0,shot_pb=1.00|flight_commit=1.00|pb_zfit|edge_zoom=0.856|bounds
279,1283.0,535.5,interp,0.38,1037.4,584.5,708.6,0.0,657.5,1168.9,1,58.4,0,0,shot_pb=1.00|flight_commit=1.00|pb_zfit|edge_zoom=0.860|bounds
280,1271.3,534.4,interp,0.38,1025.8,584.5,697.1,0.0,657.5,1168.9,1,58.5,0,0,shot_pb=1.00|flight_commit=1.00|pb_zfit|edge_zoom=0.864|bounds
281,1258.7,532.5,yolo,0.49,1014.2,584.5,685.4,0.0,657.5,1168.9,1,59.5,0,0,shot_pb=1.00|flight_commit=1.00|pb_zfit|edge_zoom=0.870|bounds
282,1242.3,528.8,interp,0.38,1002.4,584.5,673.6,0.0,657.5,1168.9,1,64.1,0,0,shot_pb=1.00|flight_commit=1.00|pb_zfit|edge_zoom=0.885|bounds
283,1225.4,524.2,yolo,0.42,990.6,584.5,661.8,0.0,657.5,1168.9,1,69.2,0,0,shot_pb=1.00|flight_commit=1.00|pb_zfit|edge_zoom=0.892|bounds
284,1209.4,517.2,interp,0.38,978.8,584.5,650.1,0.0,657.5,1168.9,1,73.4,0,0,shot_pb=1.00|flight_commit=1.00|pb_zfit|edge_zoom=0.903|bounds
285,1193.4,509.3,interp,0.38,967.1,584.5,638.4,0.0,657.5,1168.9,1,77.7,0,0,shot_pb=1.00|flight_commit=1.00|pb_zfit|edge_zoom=0.910|bounds
286,1177.4,500.9,interp,0.38,955.5,584.5,626.8,0.0,657.5,1168.9,1,82.1,0,1,shot_pb=1.00|flight_commit=1.00|pb_zfit|keepin_prop=0.00|keepin_zoom=1.350|edge_zoom=0.993|bounds
287,1161.7,492.1,interp,0.38,944.1,584.5,615.3,0.0,657.5,1168.9,1,86.4,0,0,shot_pb=1.00|flight_commit=1.00|pb_zfit|edge_zoom=0.973|bounds
288,1146.4,483.0,interp,0.38,932.8,584.5,604.1,0.0,657.5,1168.9,1,90.4,0,1,shot_pb=1.00|flight_commit=1.00|pb_zfit|keepin_prop=0.00|keepin_zoom=1.350|edge_zoom=0.987|bounds
289,1131.5,474.1,yolo,0.38,921.8,584.5,593.1,0.0,657.5,1168.9,1,94.3,0,0,shot_pb=1.00|flight_commit=1.00|pb_zfit|edge_zoom=0.966|bounds
290,1118.3,466.1,interp,0.38,911.1,584.5,582.3,0.0,657.5,1168.9,1,96.8,0,1,shot_pb=1.00|flight_commit=1.00|pb_zfit|keepin_prop=0.00|keepin_zoom=1.350|edge_zoom=0.980|bounds
291,1105.7,458.4,interp,0.38,900.7,584.5,572.0,0.0,657.5,1168.9,1,99.0,0,0,shot_pb=1.00|flight_commit=1.00|pb_zfit|edge_zoom=0.959|bounds
292,1093.6,451.0,interp,0.38,890.7,584.5,561.9,0.0,657.5,1168.9,1,101.1,0,1,shot_pb=1.00|flight_commit=1.00|pb_zfit|keepin_prop=0.01|keepin_zoom=1.350|edge_zoom=0.974|bounds
293,1082.0,443.9,interp,0.38,881.1,584.5,552.3,0.0,657.5,1168.9,1,103.1,0,0,shot_pb=1.00|flight_commit=1.00|pb_zfit|edge_zoom=0.954|bounds
294,1070.8,437.3,interp,0.38,871.9,584.4,543.2,0.0,657.5,1168.9,1,105.1,0,1,shot_pb=1.00|flight_commit=1.00|pb_zfit|keepin_prop=0.01|keepin_zoom=1.350|edge_zoom=0.969|bounds
295,1060.0,431.0,interp,0.38,863.2,584.4,534.4,0.0,657.5,1168.8,1,107.2,0,0,shot_pb=1.00|flight_commit=1.00|pb_zfit|edge_zoom=0.950|bounds
296,1049.5,425.2,interp,0.38,854.9,584.4,526.2,0.0,657.4,1168.7,1,109.4,0,1,shot_pb=1.00|flight_commit=1.00|pb_zfit|keepin_prop=0.02|keepin_zoom=1.350|edge_zoom=0.963|bounds
297,1039.4,420.0,interp,0.38,847.1,584.3,518.4,0.0,657.3,1168.6,1,111.7,0,0,shot_pb=1.00|flight_commit=1.00|pb_zfit|edge_zoom=0.947|bounds
298,1029.5,415.4,interp,0.38,839.7,584.2,511.1,0.0,657.2,1168.4,1,114.2,0,1,shot_pb=1.00|flight_commit=1.00|pb_zfit|keepin_prop=0.04|keepin_zoom=1.350|edge_zoom=0.959|bounds
299,1019.9,411.5,yolo,0.44,832.7,584.0,504.2,0.0,657.0,1168.1,1,116.8,0,0,shot_pb=1.00|flight_commit=1.00|pb_zfit|edge_zoom=0.946|bounds
300,1009.3,408.1,yolo,0.38,826.2,583.8,497.8,0.0,656.8,1167.7,1,120.9,0,1,shot_pb=1.00|flight_commit=1.00|pb_zfit|keepin_prop=0.06|keepin_zoom=1.350|edge_zoom=0.954|bounds
301,1000.4,407.2,yolo,0.41,820.0,583.6,491.7,0.0,656.5,1167.1,1,123.6,0,1,shot_pb=1.00|flight_commit=1.00|pb_zfit|keepin_prop=0.00|keepin_zoom=1.350|edge_zoom=0.958|bounds
302,992.4,406.8,interp,0.38,814.1,583.2,486.1,0.0,656.1,1166.4,1,125.7,0,0,shot_pb=1.00|flight_commit=1.00|pb_zfit|edge_zoom=0.956|bounds
303,984.9,407.0,yolo,0.38,808.6,582.8,480.7,0.0,655.6,1165.5,1,127.7,0,1,shot_pb=1.00|flight_commit=1.00|pb_zfit|keepin_prop=0.06|keepin_zoom=1.350|edge_zoom=0.954|bounds
304,977.7,408.1,yolo,0.36,803.2,582.2,475.7,0.0,655.0,1164.5,1,129.5,0,1,shot_pb=1.00|flight_commit=1.00|pb_zfit|keepin_prop=0.00|keepin_zoom=1.350|edge_zoom=0.958|bounds
305,971.1,408.9,interp,0.38,798.1,581.6,470.9,0.0,654.3,1163.3,1,131.0,0,0,shot_pb=1.00|flight_commit=1.00|pb_zfit|edge_zoom=0.962|bounds
306,964.7,409.9,interp,0.38,793.1,581.0,466.3,0.0,653.6,1162.0,1,132.4,0,1,shot_pb=1.00|flight_commit=1.00|pb_zfit|keepin_prop=0.06|keepin_zoom=1.350|edge_zoom=0.955|bounds
307,958.6,411.0,yolo,0.41,788.2,580.3,461.8,0.0,652.9,1160.6,1,133.6,0,1,shot_pb=1.00|flight_commit=1.00|pb_zfit|keepin_prop=0.00|keepin_zoom=1.350|edge_zoom=0.959|bounds
308,952.4,412.6,yolo,0.47,783.5,579.6,457.5,0.0,652.1,1159.2,1,135.1,0,0,shot_pb=1.00|flight_commit=1.00|pb_zfit|edge_zoom=0.968|bounds
309,946.4,414.1,yolo,0.54,778.9,578.9,453.2,0.0,651.3,1157.9,1,136.5,0,1,shot_pb=1.00|flight_commit=1.00|pb_zfit|keepin_prop=0.05|keepin_zoom=1.350|edge_zoom=0.957|bounds
310,940.6,415.5,yolo,0.57,774.3,578.3,449.0,0.0,650.6,1156.7,1,137.7,0,1,shot_pb=1.00|flight_commit=1.00|keepin_prop=0.00|keepin_zoom=1.350|edge_zoom=0.961|bounds
311,935.0,416.7,yolo,0.54,769.8,577.8,444.8,0.0,650.0,1155.5,1,138.8,0,0,shot_pb=1.00|flight_commit=1.00|edge_zoom=0.968|bounds
312,929.6,417.7,yolo,0.56,765.4,577.3,440.7,0.0,649.4,1154.6,1,139.8,0,1,shot_pb=1.00|flight_commit=1.00|keepin_prop=0.06|keepin_zoom=1.350|edge_zoom=0.958|bounds
313,924.4,418.6,yolo,0.62,761.1,576.9,436.6,0.0,649.0,1153.8,1,140.7,0,1,shot_pb=1.00|flight_commit=1.00|keepin_prop=0.00|keepin_zoom=1.350|edge_zoom=0.962|bounds
314,919.3,419.3,yolo,0.66,756.8,576.6,432.4,0.0,648.7,1153.2,1,141.5,0,0,shot_pb=1.00|flight_commit=1.00|edge_zoom=0.967|bounds
315,914.4,419.9,yolo,0.68,752.5,576.4,428.3,0.0,648.4,1152.8,1,142.1,0,1,shot_pb=1.00|flight_commit=1.00|keepin_prop=0.07|keepin_zoom=1.350|edge_zoom=0.959|bounds
316,909.5,420.3,yolo,0.67,748.4,576.3,424.2,0.0,648.3,1152.5,1,142.9,0,1,shot_pb=1.00|flight_commit=1.00|keepin_prop=0.00|keepin_zoom=1.350|edge_zoom=0.962|bounds
317,904.8,420.7,yolo,0.57,744.2,576.2,420.1,0.0,648.2,1152.4,1,143.4,0,0,shot_pb=1.00|flight_commit=1.00|edge_zoom=0.965|bounds
318,900.1,420.9,yolo,0.51,740.1,576.2,416.0,0.0,648.2,1152.3,1,144.0,0,1,shot_pb=1.00|flight_commit=1.00|keepin_prop=0.08|keepin_zoom=1.350|edge_zoom=0.959|bounds
319,895.5,421.1,yolo,0.43,736.1,576.2,412.0,0.0,648.2,1152.4,1,144.6,0,1,shot_pb=1.00|flight_commit=1.00|keepin_prop=0.00|keepin_zoom=1.350|edge_zoom=0.963|bounds
320,890.9,421.2,yolo,0.50,732.0,576.2,407.9,0.0,648.2,1152.4,1,145.1,0,0,shot_pb=1.00|flight_commit=1.00|edge_zoom=0.964|bounds
321,886.3,421.2,yolo,0.54,727.9,576.3,403.7,0.0,648.3,1152.6,1,145.6,0,1,shot_pb=1.00|flight_commit=1.00|keepin_prop=0.08|keepin_zoom=1.350|edge_zoom=0.958|bounds
322,881.7,421.2,interp,0.38,723.8,576.3,399.6,0.0,648.4,1152.7,1,146.1,0,1,shot_pb=1.00|flight_commit=1.00|keepin_prop=0.00|keepin_zoom=1.350|edge_zoom=0.963|bounds
323,877.2,421.1,interp,0.38,719.6,576.4,395.4,0.0,648.4,1152.8,1,146.4,0,0,shot_pb=1.00|flight_commit=1.00|edge_zoom=0.962|bounds
324,872.5,421.0,interp,0.38,715.3,576.5,391.0,0.0,648.5,1152.9,1,146.8,0,1,shot_pb=1.00|flight_commit=1.00|keepin_prop=0.09|keepin_zoom=1.350|edge_zoom=0.958|bounds
325,867.6,420.9,interp,0.38,710.9,576.5,386.6,0.0,648.6,1153.0,1,147.3,0,1,shot_pb=1.00|flight_commit=1.00|keepin_prop=0.00|keepin_zoom=1.350|edge_zoom=0.963|bounds
326,862.5,420.7,interp,0.38,706.4,576.6,382.1,0.0,648.6,1153.1,1,147.9,0,0,shot_pb=1.00|flight_commit=1.00|edge_zoom=0.961|bounds
327,857.2,420.4,interp,0.38,701.7,576.6,377.3,0.0,648.7,1153.2,1,148.5,0,1,shot_pb=1.00|flight_commit=1.00|keepin_prop=0.08|keepin_zoom=1.350|edge_zoom=0.958|bounds
328,851.5,420.1,interp,0.38,696.8,576.6,372.4,0.0,648.7,1153.2,1,149.3,0,1,shot_pb=1.00|flight_commit=1.00|keepin_prop=0.00|keepin_zoom=1.350|edge_zoom=0.962|bounds
329,845.4,419.8,yolo,0.51,691.7,576.6,367.3,0.0,648.7,1153.3,1,150.3,0,0,shot_pb=1.00|flight_commit=1.00|edge_zoom=0.960|bounds
330,838.0,419.3,yolo,0.43,686.4,576.6,362.0,0.0,648.7,1153.3,1,152.4,0,1,shot_pb=1.00|flight_commit=1.00|keepin_prop=0.07|keepin_zoom=1.350|edge_zoom=0.958|bounds
331,830.8,418.8,interp,0.38,680.9,576.6,356.6,0.0,648.7,1153.2,1,154.1,0,1,shot_pb=1.00|flight_commit=1.00|keepin_prop=0.00|keepin_zoom=1.350|edge_zoom=0.962|bounds
332,823.2,418.3,interp,0.38,675.2,576.6,350.9,0.0,648.7,1153.2,1,156.0,0,0,shot_pb=1.00|flight_commit=1.00|edge_zoom=0.960|bounds
333,815.2,417.8,interp,0.38,669.4,576.6,345.1,0.0,648.7,1153.2,1,158.2,0,1,shot_pb=1.00|flight_commit=1.00|keepin_prop=0.06|keepin_zoom=1.350|edge_zoom=0.958|bounds
334,806.9,417.2,yolo,0.50,663.5,576.6,339.1,0.0,648.7,1153.2,1,160.6,0,1,shot_pb=1.00|flight_commit=1.00|keepin_prop=0.00|keepin_zoom=1.350|edge_zoom=0.961|bounds
335,797.1,416.5,yolo,0.58,657.4,576.6,333.1,0.0,648.7,1153.2,1,164.3,0,0,shot_pb=1.00|flight_commit=1.00|edge_zoom=0.959|bounds
336,787.3,415.8,yolo,0.60,651.3,576.7,326.9,0.0,648.8,1153.3,1,168.0,0,1,shot_pb=1.00|flight_commit=1.00|keepin_prop=0.04|keepin_zoom=1.350|edge_zoom=0.958|bounds
337,777.6,415.2,yolo,0.61,645.2,576.7,320.8,0.0,648.8,1153.4,1,171.6,0,0,shot_pb=1.00|flight_commit=1.00|edge_zoom=0.958|bounds
338,768.1,414.5,yolo,0.67,639.0,576.8,314.6,0.0,648.9,1153.6,1,174.9,0,1,shot_pb=1.00|flight_commit=1.00|keepin_prop=0.10|keepin_zoom=1.350|edge_zoom=0.955|bounds
339,759.0,413.9,yolo,0.71,632.9,576.9,308.4,0.0,649.0,1153.8,1,177.9,0,1,shot_pb=1.00|flight_commit=1.00|keepin_prop=0.00|keepin_zoom=1.350|edge_zoom=0.960|bounds
340,750.5,413.3,interp,0.38,626.9,577.0,302.3,0.0,649.1,1154.0,1,180.4,0,0,shot_pb=1.00|flight_commit=1.00|edge_zoom=0.958|bounds
341,742.3,412.7,yolo,0.69,620.9,577.1,296.2,0.0,649.2,1154.2,1,182.6,0,1,shot_pb=1.00|flight_commit=1.00|keepin_prop=0.06|keepin_zoom=1.350|edge_zoom=0.956|bounds
342,734.1,412.2,yolo,0.58,614.9,577.2,290.2,0.0,649.3,1154.4,1,184.8,0,1,shot_pb=1.00|flight_commit=1.00|keepin_prop=0.00|keepin_zoom=1.350|edge_zoom=0.959|bounds
343,726.8,411.8,interp,0.38,608.9,577.3,284.2,0.0,649.4,1154.5,1,186.1,0,0,shot_pb=1.00|flight_commit=1.00|edge_zoom=0.957|bounds
344,719.8,411.3,interp,0.38,602.9,577.3,278.2,0.0,649.5,1154.6,1,187.1,0,1,shot_pb=1.00|flight_commit=1.00|keepin_prop=0.06|keepin_zoom=1.350|edge_zoom=0.956|bounds
345,712.9,410.9,interp,0.38,596.9,577.4,272.1,0.0,649.5,1154.7,1,188.0,0,1,shot_pb=1.00|flight_commit=1.00|keepin_prop=0.00|keepin_zoom=1.350|edge_zoom=0.959|bounds
346,706.2,410.6,interp,0.38,590.8,577.3,266.0,0.0,649.5,1154.7,1,188.6,0,0,shot_pb=1.00|flight_commit=1.00|edge_zoom=0.957|bounds
347,699.4,410.2,interp,0.38,584.6,577.3,259.9,0.0,649.4,1154.6,1,189.2,0,1,shot_pb=1.00|flight_commit=1.00|keepin_prop=0.06|keepin_zoom=1.350|edge_zoom=0.955|bounds
348,692.6,409.8,interp,0.38,578.2,577.2,253.5,0.0,649.3,1154.3,1,189.6,0,1,shot_pb=1.00|flight_commit=1.00|keepin_prop=0.00|keepin_zoom=1.350|edge_zoom=0.959|bounds
349,685.7,409.5,interp,0.38,571.6,576.9,247.0,0.0,649.1,1153.9,1,189.9,0,0,shot_pb=1.00|flight_commit=1.00|edge_zoom=0.957|bounds
350,678.5,409.1,interp,0.38,564.7,576.6,240.4,0.0,648.6,1153.1,1,190.2,0,1,shot_pb=1.00|flight_commit=1.00|keepin_prop=0.06|keepin_zoom=1.350|edge_zoom=0.955|bounds
351,671.1,408.8,interp,0.38,557.6,576.0,233.6,0.0,648.0,1152.0,1,190.5,0,1,shot_pb=1.00|flight_commit=1.00|keepin_prop=0.00|keepin_zoom=1.350|edge_zoom=0.958|bounds
352,663.3,408.5,interp,0.38,550.1,575.3,226.5,0.0,647.2,1150.6,1,190.8,0,0,shot_pb=1.00|flight_commit=1.00|edge_zoom=0.957|bounds
353,655.1,408.1,interp,0.38,542.4,574.3,219.3,0.0,646.1,1148.6,1,191.3,0,1,shot_pb=1.00|flight_commit=1.00|keepin_prop=0.05|keepin_zoom=1.350|edge_zoom=0.955|bounds
354,646.2,407.7,yolo,0.51,534.3,573.1,212.0,0.0,644.7,1146.1,1,192.1,0,1,shot_pb=1.00|flight_commit=1.00|keepin_prop=0.00|keepin_zoom=1.350|edge_zoom=0.958|bounds
355,635.7,407.3,yolo,0.44,526.0,571.5,204.5,0.0,642.9,1143.0,1,194.3,0,0,shot_pb=1.00|flight_commit=1.00|edge_zoom=0.956|bounds
356,625.4,406.9,interp,0.38,517.4,569.6,197.0,0.0,640.8,1139.2,1,196.0,0,1,shot_pb=1.00|flight_commit=1.00|keepin_prop=0.01|keepin_zoom=1.350|edge_zoom=0.957|bounds
357,614.4,406.5,yolo,0.46,508.6,567.4,189.4,0.0,638.4,1134.9,1,198.2,0,0,shot_pb=1.00|flight_commit=1.00|edge_zoom=0.956|bounds
358,602.5,406.0,yolo,0.54,499.6,565.0,181.8,0.0,635.6,1130.0,1,201.1,0,1,shot_pb=1.00|flight_commit=1.00|keepin_prop=0.00|keepin_zoom=1.350|edge_zoom=0.957|bounds
359,590.4,405.5,interp,0.38,490.5,562.5,174.1,0.0,632.8,1124.9,1,204.1,0,0,shot_pb=1.00|flight_commit=1.00|edge_zoom=0.956|bounds
360,577.6,405.0,interp,0.38,481.2,559.9,166.3,0.0,629.9,1119.8,1,207.6,0,0,shot_pb=1.00|flight_commit=1.00|edge_zoom=0.957|bounds
361,564.2,404.5,yolo,0.53,471.9,557.4,158.3,0.0,627.1,1114.9,1,211.7,0,0,shot_pb=1.00|flight_commit=1.00|edge_zoom=0.966|bounds
362,548.9,403.9,yolo,0.54,462.4,555.3,150.1,0.0,624.8,1110.7,1,217.5,0,0,shot_pb=1.00|flight_commit=1.00|edge_zoom=0.969|bounds
363,533.0,403.4,yolo,0.58,452.9,553.7,141.5,0.0,622.9,1107.4,1,223.9,0,0,shot_pb=1.00|flight_commit=1.00|edge_zoom=0.971|bounds
364,516.6,403.0,yolo,0.60,443.4,552.7,132.5,0.0,621.8,1105.4,1,230.8,0,0,shot_pb=1.00|flight_commit=1.00|edge_zoom=0.972|bounds
365,499.9,402.8,yolo,0.66,433.9,552.4,123.2,0.0,621.5,1104.8,1,238.0,0,0,shot_pb=1.00|flight_commit=0.95|edge_zoom=0.971|bounds
366,482.9,402.8,yolo,0.70,424.4,552.9,113.4,0.0,622.0,1105.7,1,245.5,0,0,flight_commit=0.96|edge_zoom=0.959|bounds
367,465.8,403.0,yolo,0.74,414.9,554.1,103.3,0.0,623.3,1108.1,1,253.1,0,0,flight_commit=1.00|edge_zoom=0.962|bounds
368,448.6,403.4,yolo,0.78,405.6,555.9,92.9,0.0,625.4,1111.9,1,261.0,0,0,flight_commit=1.00|edge_zoom=0.957|bounds
369,431.5,403.8,yolo,0.71,396.5,558.3,82.4,0.0,628.1,1116.7,1,269.0,0,0,flight_commit=1.00|person_ctx=4|edge_zoom=0.956|bounds
370,414.5,404.2,yolo,0.75,387.7,561.1,72.1,0.0,631.3,1122.3,1,277.2,0,0,shot_pb=1.00|flight_commit=1.00|edge_zoom=0.981|bounds
371,397.9,404.5,yolo,0.75,379.4,564.1,62.1,0.0,634.6,1128.2,1,285.5,0,0,shot_pb=1.00|flight_commit=1.00|edge_zoom=0.957|bounds
372,381.7,404.7,yolo,0.79,371.6,567.2,52.5,0.0,638.0,1134.3,1,293.9,0,0,shot_pb=1.00|flight_commit=1.00|person_ctx=4|edge_zoom=0.957|bounds
373,365.9,404.8,yolo,0.80,364.4,570.1,43.7,0.0,641.4,1140.2,1,302.5,0,0,shot_pb=1.00|flight_commit=1.00|person_ctx=4|edge_zoom=0.957|bounds
374,350.5,405.0,yolo,0.81,357.9,572.8,35.7,0.0,644.4,1145.6,1,296.6,0,0,shot_pb=1.00|flight_commit=1.00|person_ctx=4|edge_zoom=0.929|bounds
375,335.6,405.2,yolo,0.84,352.2,575.2,28.6,0.0,647.1,1150.5,1,287.4,0,0,shot_pb=1.00|flight_commit=1.00|edge_zoom=0.939|bounds
376,321.1,405.4,yolo,0.82,347.3,577.3,22.5,0.0,649.5,1154.7,1,277.8,0,0,shot_pb=1.00|flight_commit=1.00|person_ctx=4|edge_zoom=0.867|bounds
377,307.2,405.8,yolo,0.79,343.2,579.1,17.4,0.0,651.5,1158.2,1,268.0,0,0,shot_pb=1.00|flight_commit=1.00|person_ctx=4|edge_zoom=0.841|bounds
378,293.8,406.1,yolo,0.81,339.8,580.5,13.3,0.0,653.1,1161.0,1,258.0,0,0,shot_pb=1.00|flight_commit=1.00|person_ctx=4|edge_zoom=0.828|bounds
379,281.1,406.3,yolo,0.83,337.2,581.6,10.0,0.0,654.3,1163.2,1,247.9,0,0,shot_pb=1.00|flight_commit=1.00|edge_zoom=0.873|bounds
380,269.1,406.3,yolo,0.84,335.2,582.5,7.5,0.0,655.3,1165.0,1,237.9,0,0,shot_pb=1.00|flight_commit=1.00|edge_zoom=0.865|bounds
381,257.9,406.3,yolo,0.85,333.8,583.1,5.8,0.0,656.0,1166.3,1,228.1,0,0,shot_pb=1.00|person_ctx=4|edge_zoom=0.793|bounds
382,247.5,406.2,yolo,0.81,333.0,583.6,4.8,0.0,656.5,1167.2,1,218.5,0,0,shot_pb=1.00|person_ctx=4|edge_zoom=0.786|bounds
383,237.9,406.0,yolo,0.74,332.7,583.9,4.3,0.0,656.8,1167.7,1,209.2,0,0,shot_pb=1.00|flight_commit=1.00|person_ctx=4|edge_zoom=0.780|bounds
384,229.3,405.7,yolo,0.73,332.9,584.0,4.4,0.0,657.0,1168.0,1,200.4,0,0,shot_pb=1.00|flight_commit=1.00|person_ctx=4|edge_zoom=0.775|bounds
385,221.7,405.3,yolo,0.72,333.6,584.1,5.0,0.0,657.1,1168.2,1,192.1,0,0,shot_pb=1.00|flight_commit=1.00|person_ctx=4|edge_zoom=0.770|bounds
386,215.2,404.7,yolo,0.74,334.7,584.1,6.2,0.0,657.1,1168.2,1,184.5,0,0,shot_pb=1.00|flight_commit=1.00|edge_zoom=0.829|bounds
387,209.9,403.9,yolo,0.77,336.4,584.0,7.9,0.0,657.0,1168.0,1,177.5,0,0,shot_pb=1.00|flight_commit=1.00|person_ctx=4|edge_zoom=0.827|bounds
388,206.0,403.0,yolo,0.79,338.7,583.9,10.3,0.0,656.9,1167.7,1,171.3,0,0,shot_pb=1.00|flight_commit=1.00|person_ctx=4|edge_zoom=0.824|bounds
389,203.5,401.9,yolo,0.78,341.6,583.7,13.3,0.0,656.6,1167.3,1,165.9,0,0,shot_pb=1.00|flight_commit=1.00|person_ctx=4|edge_zoom=0.836|bounds
390,202.7,400.6,yolo,0.67,345.4,583.4,17.2,0.0,656.3,1166.7,1,161.3,0,0,shot_pb=1.00|flight_commit=1.00|person_ctx=4|edge_zoom=0.906|bounds
391,204.7,398.8,interp,0.38,349.9,583.0,22.0,0.0,655.9,1166.0,1,158.8,0,0,shot_pb=1.00|flight_commit=1.00|person_ctx=4|edge_zoom=0.932|bounds
392,208.5,396.8,interp,0.38,355.5,582.6,27.8,0.0,655.4,1165.2,1,157.0,0,1,shot_pb=1.00|flight_commit=1.00|keepin_prop=0.07|keepin_zoom=1.350|edge_zoom=0.949|bounds
393,214.2,394.6,interp,0.38,362.1,582.1,34.7,0.0,654.9,1164.2,1,156.1,0,1,shot_pb=1.00|flight_commit=1.00|keepin_prop=0.00|keepin_zoom=1.350|edge_zoom=0.953|bounds
394,221.7,392.2,interp,0.38,369.9,581.6,42.8,0.0,654.3,1163.2,1,155.8,0,1,shot_pb=1.00|flight_commit=1.00|keepin_prop=0.00|keepin_zoom=1.350|edge_zoom=0.952|bounds
395,231.2,389.7,interp,0.38,379.0,581.0,52.2,0.0,653.6,1162.0,1,156.2,0,0,shot_pb=1.00|flight_commit=1.00|edge_zoom=0.942|bounds
396,242.8,387.0,interp,0.38,389.5,580.4,63.0,0.0,653.0,1160.8,1,157.3,0,1,shot_pb=1.00|flight_commit=1.00|person_ctx=4|keepin_prop=0.05|keepin_zoom=1.350|edge_zoom=0.946|bounds
397,256.5,384.2,interp,0.38,401.3,579.8,75.2,0.0,652.3,1159.7,1,159.2,0,1,shot_pb=1.00|flight_commit=1.00|keepin_prop=0.00|keepin_zoom=1.350|edge_zoom=0.949|bounds
398,272.6,381.3,yolo,0.69,414.6,579.3,88.7,0.0,651.7,1158.6,1,162.0,0,0,shot_pb=1.00|flight_commit=1.00|edge_zoom=0.942|bounds
399,293.6,377.9,yolo,0.69,429.2,578.8,103.6,0.0,651.2,1157.6,1,168.4,0,1,shot_pb=1.00|flight_commit=1.00|keepin_prop=0.01|keepin_zoom=1.350|edge_zoom=0.946|bounds
400,317.0,374.5,yolo,0.58,445.1,578.5,119.8,0.0,650.8,1156.9,1,175.9,0,0,shot_pb=1.00|flight_commit=1.00|edge_zoom=0.941|bounds
401,342.6,371.3,yolo,0.52,462.4,578.2,137.2,0.0,650.5,1156.4,1,184.2,0,0,shot_pb=1.00|flight_commit=1.00|edge_zoom=0.941|bounds
402,368.8,368.4,interp,0.38,480.9,578.1,155.7,0.0,650.4,1156.2,1,191.9,0,0,shot_pb=1.00|flight_commit=1.00|edge_zoom=0.940|bounds
403,396.4,365.7,yolo,0.47,500.6,578.2,175.4,0.0,650.5,1156.4,1,199.8,0,0,shot_pb=1.00|flight_commit=1.00|edge_zoom=0.940|bounds
404,430.0,363.9,interp,0.50,521.5,578.4,196.1,0.0,650.7,1156.8,1,212.5,0,0,shot_pb=1.00|flight_commit=1.00|edge_zoom=0.940|bounds
405,455.0,360.5,interp,0.50,543.4,578.8,217.8,0.0,651.1,1157.6,1,215.6,0,0,shot_pb=1.00|flight_commit=1.00|edge_zoom=0.937|bounds
406,484.9,358.3,interp,0.50,566.4,579.3,240.5,0.0,651.7,1158.6,1,222.5,0,0,shot_pb=1.00|flight_commit=1.00|edge_zoom=0.937|bounds
407,515.6,356.4,interp,0.50,590.4,579.9,264.2,0.0,652.4,1159.7,1,229.2,0,0,shot_pb=1.00|flight_commit=1.00|edge_zoom=0.936|bounds
408,547.1,354.8,interp,0.50,615.4,580.5,288.9,0.0,653.1,1161.0,1,235.7,0,1,accel_zoom=0.945|shot_pb=1.00|flight_commit=1.00|keepin_prop=0.00|keepin_zoom=1.350|edge_zoom=0.937|bounds
409,579.5,353.7,interp,0.50,641.5,581.2,314.6,0.0,653.8,1162.3,1,242.0,0,0,accel_zoom=0.937|shot_pb=1.00|flight_commit=1.00|edge_zoom=0.936|bounds
410,612.8,353.0,interp,0.50,668.5,581.8,341.3,0.0,654.5,1163.6,1,248.3,0,1,accel_zoom=0.930|shot_pb=1.00|flight_commit=1.00|keepin_prop=0.00|keepin_zoom=1.350|edge_zoom=0.937|bounds
411,647.4,352.8,interp,0.50,696.5,582.4,368.9,0.0,655.2,1164.7,1,254.9,0,0,accel_zoom=0.923|shot_pb=1.00|flight_commit=1.00|edge_zoom=0.937|bounds
412,683.4,353.2,interp,0.50,725.4,582.9,397.5,0.0,655.7,1165.8,1,262.0,0,0,accel_zoom=0.917|shot_pb=1.00|flight_commit=1.00|edge_zoom=0.937|bounds
413,721.2,354.1,interp,0.50,755.0,583.3,426.9,0.0,656.2,1166.6,1,270.2,0,1,accel_zoom=0.910|shot_pb=1.00|flight_commit=1.00|keepin_prop=0.01|keepin_zoom=1.350|edge_zoom=0.936|bounds
414,761.2,355.6,interp,0.50,785.3,583.6,457.0,0.0,656.6,1167.3,1,279.9,0,0,accel_zoom=0.903|shot_pb=1.00|flight_commit=1.00|edge_zoom=0.939|bounds
415,803.7,357.8,interp,0.50,816.1,583.9,487.7,0.0,656.9,1167.8,1,291.6,0,0,accel_zoom=0.894|shot_pb=1.00|flight_commit=1.00|flight_boost=1.00|edge_zoom=0.940|bounds
416,849.2,360.7,interp,0.50,847.1,584.1,518.6,0.0,657.1,1168.2,1,301.9,0,1,accel_zoom=0.885|shot_pb=1.00|flight_commit=1.00|keepin_prop=0.00|keepin_zoom=1.350|flight_boost=1.04|edge_zoom=0.940|bounds
417,927.6,370.1,yolo,0.42,878.1,584.2,549.5,0.0,657.3,1168.5,1,254.5,0,0,accel_zoom=0.780|shot_pb=1.00|flight_commit=1.00|flight_boost=1.16|edge_zoom=0.947|bounds
418,972.9,373.4,hold,0.25,908.9,584.3,580.2,0.0,657.4,1168.7,1,240.0,0,0,accel_zoom=0.780|shot_pb=1.00|flight_commit=1.00|flight_boost=1.18|edge_zoom=0.947|bounds
419,1015.9,376.1,hold,0.25,939.1,584.4,610.4,0.0,657.4,1168.8,1,227.2,0,0,accel_zoom=0.780|shot_pb=1.00|flight_commit=1.00|pb_zfit|flight_boost=1.20|edge_zoom=0.948|bounds
420,1064.7,377.9,interp,0.32,968.5,584.4,639.8,0.0,657.5,1168.9,1,207.8,0,0,accel_zoom=0.780|shot_pb=1.00|flight_commit=1.00|pb_zfit|flight_boost=1.22|edge_zoom=0.948|bounds
421,1104.9,379.8,interp,0.32,996.9,584.5,668.1,0.0,657.5,1168.9,1,196.0,0,1,accel_zoom=0.780|shot_pb=1.00|flight_commit=1.00|pb_zfit|keepin_prop=0.01|keepin_zoom=1.350|flight_boost=1.21|edge_zoom=0.946|bounds
422,1142.1,381.3,interp,0.32,1023.9,584.5,695.2,0.0,657.5,1168.9,1,185.8,0,0,accel_zoom=0.780|shot_pb=1.00|flight_commit=1.00|pb_zfit|flight_boost=1.19|edge_zoom=0.949|bounds
423,1176.3,382.6,interp,0.32,1049.5,584.5,720.8,0.0,657.5,1168.9,1,177.2,0,0,accel_zoom=0.780|shot_pb=1.00|flight_commit=1.00|pb_zfit|flight_boost=1.07|edge_zoom=0.949|bounds
424,1207.7,383.8,interp,0.32,1073.4,584.5,744.7,0.0,657.5,1168.9,1,169.7,0,1,accel_zoom=0.780|shot_pb=1.00|flight_commit=1.00|pb_zfit|keepin_prop=0.03|keepin_zoom=1.350|flight_boost=1.03|edge_zoom=0.946|bounds
425,1236.3,384.8,interp,0.32,1095.5,584.5,766.7,0.0,657.5,1168.9,1,163.2,0,0,accel_zoom=0.780|shot_pb=1.00|flight_commit=1.00|pb_zfit|edge_zoom=0.950|bounds
426,1262.4,385.8,interp,0.32,1115.7,584.5,786.9,0.0,657.5,1168.9,1,157.3,0,1,accel_zoom=0.780|shot_pb=1.00|flight_commit=1.00|pb_zfit|keepin_prop=0.01|keepin_zoom=1.350|edge_zoom=0.949|bounds
427,1285.9,386.7,interp,0.32,1133.7,584.5,805.0,0.0,657.5,1168.9,1,151.8,0,0,shot_pb=1.00|flight_commit=1.00|pb_zfit|edge_zoom=0.951|bounds
428,1307.0,387.6,interp,0.32,1149.6,584.5,820.9,0.0,657.5,1168.9,1,146.6,0,1,shot_pb=1.00|flight_commit=1.00|pb_zfit|keepin_prop=0.01|keepin_zoom=1.350|edge_zoom=0.949|bounds
429,1325.9,388.5,interp,0.32,1163.3,584.5,834.5,0.0,657.5,1168.9,1,141.4,0,0,shot_pb=1.00|flight_commit=1.00|pb_zfit|edge_zoom=0.952|bounds
430,1342.5,389.5,interp,0.32,1174.6,584.5,845.8,0.0,657.5,1168.9,1,136.1,0,1,shot_pb=1.00|flight_commit=1.00|pb_zfit|keepin_prop=0.03|keepin_zoom=1.350|edge_zoom=0.949|bounds
431,1356.9,390.5,interp,0.32,1183.4,584.5,854.6,0.0,657.5,1168.9,1,130.5,0,0,shot_pb=1.00|flight_commit=1.00|pb_zfit|edge_zoom=0.954|bounds
432,1369.2,391.6,interp,0.32,1189.6,584.5,860.9,0.0,657.5,1168.9,1,124.4,0,1,shot_pb=1.00|flight_commit=1.00|pb_zfit|keepin_prop=0.05|keepin_zoom=1.350|edge_zoom=0.948|bounds
433,1379.4,392.8,interp,0.32,1193.3,584.5,864.5,0.0,657.5,1168.9,1,117.9,0,0,shot_pb=1.00|flight_commit=1.00|pb_zfit|edge_zoom=0.956|bounds
434,1387.5,394.2,interp,0.32,1194.2,584.5,865.5,0.0,657.5,1168.9,1,110.7,0,1,shot_pb=1.00|flight_commit=1.00|pb_zfit|keepin_prop=0.09|keepin_zoom=1.350|edge_zoom=0.947|bounds
435,1393.5,395.7,interp,0.32,1192.4,584.5,863.7,0.0,657.5,1168.9,1,102.9,0,1,shot_pb=1.00|flight_commit=1.00|pb_zfit|keepin_prop=0.00|keepin_zoom=1.350|edge_zoom=0.953|bounds
436,1397.4,397.5,interp,0.32,1187.9,584.5,859.2,0.0,657.5,1168.9,1,94.5,0,0,shot_pb=1.00|flight_commit=1.00|pb_zfit|edge_zoom=0.968|bounds
437,1399.2,399.5,interp,0.32,1180.7,584.5,851.9,0.0,657.5,1168.9,1,85.5,0,0,shot_pb=1.00|flight_commit=1.00|pb_zfit|edge_zoom=0.992|bounds
438,1398.7,401.8,interp,0.32,1170.8,584.5,842.0,0.0,657.5,1168.9,1,76.1,0,0,shot_pb=1.00|flight_commit=1.00|pb_zfit|edge_zoom=0.989|bounds
439,1395.8,404.4,interp,0.32,1158.2,584.5,829.4,0.0,657.5,1168.9,1,66.4,0,0,shot_pb=1.00|flight_commit=1.00|pb_zfit|edge_zoom=0.980|bounds
440,1390.6,407.4,interp,0.32,1143.1,584.5,814.3,0.0,657.5,1168.9,1,56.5,0,0,shot_pb=1.00|flight_commit=1.00|pb_zfit|edge_zoom=0.913|bounds
441,1382.7,410.8,interp,0.32,1125.4,584.5,796.7,0.0,657.5,1168.9,1,46.7,0,0,shot_pb=1.00|flight_commit=1.00|pb_zfit|edge_zoom=0.850|bounds
442,1371.9,414.7,interp,0.32,1105.5,584.5,776.7,0.0,657.5,1168.9,1,37.6,0,0,shot_pb=1.00|flight_commit=1.00|pb_zfit|edge_zoom=0.854|bounds
443,1358.2,419.2,interp,0.32,1083.2,584.5,754.4,0.0,657.5,1168.9,1,29.0,0,0,shot_pb=1.00|flight_commit=1.00|pb_zfit|edge_zoom=0.861|bounds
444,1341.1,424.3,interp,0.32,1058.7,584.5,730.0,0.0,657.5,1168.9,1,21.6,0,0,shot_pb=1.00|flight_commit=1.00|pb_zfit|edge_zoom=0.871|bounds
445,1320.3,430.1,interp,0.32,1036.5,584.5,707.8,0.0,657.5,1168.9,1,20.2,0,0,accel_zoom=0.940|shot_pb=1.00|flight_commit=1.00|pb_zfit|edge_zoom=0.883|bounds
446,1295.5,436.7,interp,0.32,1011.7,584.5,682.9,0.0,657.5,1168.9,1,20.2,0,0,accel_zoom=0.930|shot_pb=1.00|flight_commit=1.00|pb_zfit|edge_zoom=0.897|bounds
447,1266.2,444.3,interp,0.32,982.4,584.5,653.6,0.0,657.5,1168.9,1,20.2,0,0,accel_zoom=0.918|shot_pb=1.00|flight_commit=1.00|pb_zfit|edge_zoom=0.914|bounds
448,1231.9,452.9,interp,0.32,948.1,584.5,619.3,0.0,657.5,1168.9,1,20.2,0,0,accel_zoom=0.905|shot_pb=1.00|flight_commit=1.00|pb_zfit|edge_zoom=0.934|bounds
449,1192.0,462.7,interp,0.32,908.2,584.5,579.4,0.0,657.5,1168.9,1,20.2,0,0,accel_zoom=0.891|shot_pb=1.00|flight_commit=1.00|pb_zfit|edge_zoom=0.958|bounds
450,1145.8,473.8,interp,0.32,862.0,584.5,533.2,0.0,657.5,1168.9,1,20.2,0,0,accel_zoom=0.875|shot_pb=1.00|flight_commit=1.00|pb_zfit|edge_zoom=0.987|bounds
451,1092.5,486.5,interp,0.32,820.6,584.5,491.9,0.0,657.5,1168.9,1,32.1,0,0,accel_zoom=0.859|shot_pb=1.00|flight_commit=1.00|pb_zfit|flight_boost=1.03|edge_zoom=0.996|bounds
452,1031.3,500.9,interp,0.32,779.5,584.5,450.7,0.0,657.5,1168.9,1,52.2,0,0,accel_zoom=0.842|shot_pb=1.00|flight_commit=1.00|pb_zfit|flight_boost=1.13|edge_zoom=0.999|bounds
453,961.1,517.4,interp,0.32,738.2,584.5,409.4,0.0,657.5,1168.9,1,81.1,0,0,accel_zoom=0.828|shot_pb=1.00|flight_commit=1.00|flight_boost=1.24|edge_zoom=0.992|bounds
454,799.8,557.8,centroid,0.30,697.2,584.5,368.5,0.0,657.5,1168.9,1,201.4,0,0,accel_zoom=0.828|shot_pb=1.00|flight_commit=1.00|flight_boost=1.60|edge_zoom=0.976|bounds
455,728.4,572.9,centroid,0.30,657.1,584.5,328.3,0.0,657.5,1168.9,1,232.7,0,0,accel_zoom=0.828|shot_pb=1.00|flight_commit=1.00|flight_boost=1.68|edge_zoom=0.972|bounds
456,665.2,585.3,centroid,0.30,618.4,584.5,289.6,0.0,657.5,1168.9,1,257.2,0,0,accel_zoom=0.828|shot_pb=1.00|flight_commit=1.00|flight_boost=1.73|edge_zoom=0.968|bounds
457,609.3,595.5,centroid,0.30,581.7,584.5,252.9,0.0,657.5,1168.9,1,276.4,0,0,accel_zoom=0.828|shot_pb=1.00|flight_commit=1.00|flight_boost=1.73|edge_zoom=0.964|bounds
458,559.7,603.9,centroid,0.30,547.5,584.5,218.8,0.0,657.5,1168.9,1,291.8,0,0,shot_pb=1.00|flight_commit=1.00|flight_boost=1.70|edge_zoom=0.961|bounds
459,515.7,610.6,centroid,0.30,516.6,584.5,187.8,0.0,657.5,1168.9,1,303.1,0,0,shot_pb=1.00|flight_commit=1.00|person_ctx=3|flight_boost=1.63|edge_zoom=0.959|bounds
460,476.7,616.0,centroid,0.30,489.5,584.5,160.8,0.0,657.5,1168.9,1,291.2,0,1,shot_pb=1.00|flight_commit=1.00|person_ctx=3|keepin_prop=0.01|keepin_zoom=1.350|flight_boost=1.28|edge_zoom=0.962|bounds
461,442.2,620.4,centroid,0.30,466.9,584.5,138.1,0.0,657.5,1168.9,1,279.3,0,0,shot_pb=1.00|flight_commit=1.00|person_ctx=3|flight_boost=1.18|edge_zoom=0.956|bounds
462,411.6,623.9,centroid,0.30,448.9,584.5,120.2,0.0,657.5,1168.9,1,266.7,0,1,shot_pb=1.00|flight_commit=1.00|keepin_prop=0.00|keepin_zoom=1.350|flight_boost=1.09|edge_zoom=0.959|bounds
463,384.6,626.9,centroid,0.30,435.7,584.5,107.0,0.0,657.5,1168.9,1,252.9,0,0,shot_pb=1.00|flight_commit=1.00|flight_boost=1.01|edge_zoom=0.955|bounds
